拼音城市,出现次数,中文城市,备注
BEIJING,1425,北京,
SHANGHAI,721,上海,
SHENZHEN,437,深圳,
CHENGDU,374,成都,
TIANJIN,374,天津,
NONE,324,,需填写
WUHAN,256,武汉,
GUANGZHOU,231,广州,
SUZHOU,230,苏州,
NANJING,221,南京,
SHENYANG,220,沈阳,
CHONGQING,219,重庆,
SHIJIAZHUANG,212,石家庄,
HANGZHOU,192,杭州,
HARBIN,187,哈尔滨,
ZHENGZHOU,178,郑州,
NANTONG,171,南通,
TANGSHAN,157,唐山,
WUXI,153,无锡,
URUMQI,148,乌鲁木齐,
DALIAN,146,大连,
HEFEI,143,合肥,
QINGDAO,136,青岛,
XIAN,134,西安,
CHANGSHA,133,长沙,
JINAN,131,济南,
TAIYUAN,114,太原,
LANZHOU,111,兰州,
KUNMING,106,昆明,
HONGKONG,104,香港,
CHANGCHUN,104,长春,需填写
DAQING,103,大庆,
GUIYANG,101,贵阳,
CHANGZHOU,92,常州,
CHINA,82,中国,
LUOYANG,76,洛阳,
GUILIN,74,桂林,
HOHHOT,72,呼和浩特,需填写
JINING,69,济宁,
TAIPEI,68,台北,
FUZHOU,65,福州,
XUZHOU,64,徐州,
LINYI,62,临汾,
YANCHENG,62,盐城,
ZIBO,59,淄博,
XINGTAI,56,邢台,
NINGBO,54,宁波,
NANCHANG,54,南昌,
FOSHAN,51,佛山,
NANNING,51,南宁,
SUIZHOU,50,随州,
HENGSHUI,48,衡水,
YICHANG,47,宜昌,
ZHENJIANG,47,镇江,
BAOTOU,46,包头,
WEIFANG,46,潍坊,需填写
QIQIHAER,45,齐齐哈尔,需填写
ZHONGSHAN,44,中山,
TAIZHOU,44,台州,
DONGGUAN,44,东莞,
SHANDONG,44,山东,
BAODING,42,保定,
CHENGDUSICHUAN,41,成都,需填写
JIAXING,40,嘉兴,
HAIKOU,40,海口,
DONGYING,40,东营,
YANTAI,40,烟台,
HAERBIN,40,哈尔滨,需填写
JILIN,39,吉林,
WEIHAI,38,威海,
LIAOYANG,38,辽阳,
YANGZHOU,37,扬州,
HANDAN,37,邯郸,
ANSHAN,36,鞍山,
WENZHOU,34,温州,
TAIAN,34,泰安,
JIANGSU,33,江苏,
HUAIAN,33,淮安,
WUHU,33,芜湖,
QUANZHOU,33,泉州,
JIUQUAN,33,酒泉,
GUANGDONG,32,广东,
HEBEI,32,河北,
CANGZHOU,31,沧州,
LANGFANG,30,廊坊,
XINXIANG,30,新乡,
CHIFENG,30,赤峰,
HUIZHOU,29,惠州,
QINHUANGDAO,27,青岛,需填写
LIAONING,27,辽宁,
SHAOXING,26,绍兴,
YUEYANG,26,岳阳,
JINZHOU,26,锦州,
XIANNING,25,咸宁,
LIUZHOU,25,柳州,
HEZE,25,菏泽,
CHAOYANG,25,朝阳,
XIAMEN,25,厦门,
WULUMUQI,24,乌鲁木齐,需填写
ZHANGJIAKOU,24,张家口,
TAICHUNG,24,台中,
SUINING,23,遂宁,
GANZHOU,23,赣州,
CHAOZHOU,22,潮州,
JINGZHOU,22,荆州,
SHANXI,22,山西,
YIBIN,22,宜宾,
XINING,22,西宁,
BAOJI,22,宝鸡,
SICHUAN,21,四川,
XUCHANG,21,许昌,
ZHUZHOU,21,株洲,需填写
BENGBU,21,蚌埠,
DEYANG,21,德阳,
DATONG,20,大同,
SHENZHENGUANGDONG,20,深圳,需填写
XIANGYANG,20,咸阳,需填写
JIANGMEN,20,江门,
HUNAN,20,湖南,
KORLA,19,库尔勒,需填写
QIQIHAR,19,齐齐哈尔,
ZHUHAI,19,珠海,
ZAOZHUANG,19,枣庄,
HUBEI,19,湖北,
NANYANG,19,南阳,
XIANGTAN,18,湘潭,
LANZHOUGANSU,18,甘肃,需填写
YINCHUAN,18,银川,
JINHUA,18,金华,
CHUXIONG,17,楚雄,需填写
HUHEHAOTE,17,呼和浩特,需填写
FUSHUN,17,抚顺,
ZHONGWEI,16,中卫,
YANGQUAN,16,阳泉,需填写
RUGAOJIANGSU,16,如皋,需填写
SHAOGUAN,16,韶关,
LIAOCHENG,16,聊城,
MIYUN,16,密云,需填写
NANCHONG,15,南充,
NANJINGJIANGSU,15,南京,需填写
CHUZHOU,15,滁州,
DANDONG,15,丹东,
HENAN,15,河南,
BINZHOU,15,滨州,
LHASA,15,拉萨,需填写
TAOYUAN,15,桃园,
HUZHOU,14,湖州,
ANHUI,14,安徽,
MAANSHAN,14,马鞍山,
RIZHAO,14,日照,
SUQIAN,14,宿迁,
HUAINAN,14,淮南,
MEIZHOU,14,梅州,
PANJIN,14,盘锦,
CHANGJI,13,昌吉,
XIANYANG,13,咸阳,
SONGYUAN,13,松原,需填写
SHUOZHOU,13,朔州,
MIANYANG,13,绵阳,
DEZHOU,13,德州,
TONGLIAO,12,通辽,需填写
HULUNBUIR,12,呼伦贝尔,需填写
YUNNAN,12,云南,
BENXI,12,本息,
ZHEJIANG,12,浙江,
WUHANHUBEI,12,呼伦贝尔,需填写
HAIDIAN,12,海淀,需填写
TAINAN,12,台南,
KOWLOON,11,香港,
ENSHI,11,恩施,
GUIZHOU,11,贵州,
FOSHANCITY,11,佛山,需填写
GUANGXI,11,广西,
MAOMING,11,茂名,需填写
SHENYANGLIAONING,11,沈阳,需填写
BJ,11,北京,需填写
LIANYUNGANG,11,连云港,
HEYUAN,11,河源,
JIANGYIN,11,江阴,需填写
DAZHOU,11,达州,
SIPING,11,四平,需填写
NONTONG,11,南通,需填写
CHANGSHAHUNAN,10,长沙,需填写
XICHANG,10,西昌,需填写
HANGZHOUZHEJIANG,10,杭州,需填写
GUANGYUAN,10,广元,
CHANGDE,10,常德,
KUNMINGYUNNAN,10,昆明,需填写
YICHUN,10,宜春,
JIAMUSI,10,佳木斯,
QINZHOU,10,钦州,
JINGMEN,10,荆门,
ORDOS,10,鄂尔多斯,需填写
HULUDAO,10,葫芦岛,
KUNSHAN,10,昆山,需填写
XINJIANG,9,新疆,
TIANJINCITY,9,天津,需填写
YUNCHENG,9,运城,
URUMUQI,9,乌鲁木齐,需填写
CHENGDUSICHUANPROVINCE,9,成都,需填写
HAINAN,9,海南,需填写
XINXIANGSHI,9,西安,需填写
TANGSHANCITY,9,唐山,需填写
GANSU,9,甘肃,
YULIN,9,榆林,
ZHENGZHOUHENAN,9,郑州,需填写
SUIHUA,9,绥化,
FENGTAI,9,丰台,需填写
TIANJINTIANJIN,9,天津,需填写
QHD,9,秦皇岛,
JINZHONG,9,晋中,
LINFEN,9,临汾,需填写
CHENDU,9,成都,需填写
CHANGZHOUJIANGSU,9,江苏,
GUIZHOUXINGYI,8,兴义,需填写
KARAMAY,8,克拉玛依,
JINANCITY,8,市,
CANTON,8,广州,
SHIJIAZHUANGHEBEI,8,河北,
LINYISHANDONG,8,山东,
YIXING,8,宜兴,需填写
HUANGGANG,8,黄冈,
CHANGPING,8,昌平,
JILINCITY,8,市,
CHENGDUCITY,8,成都,需填写
ZUNYI,8,遵义,
QUJING,8,曲靖,
LOUDI,8,娄底,
SHANTOU,8,汕头,
BOLE,7,博乐,
URUMQIXINJIANG,7,新疆,
SUZHOUJIANGSU,7,江苏,
XIANSHAANXIPROVINCE,7,西安,需填写
GUANGXIGUILIN,7,桂林,需填写
HENGSHUIHEBEI,7,河北,
DAQINGHEILONGJIANG,7,黑龙江,
BEIHAI,7,北海,
GUANGAN,7,广安,
NEIMENGGU,7,内蒙古,
ANQING,7,安庆,
MUDANJIANG,7,牡丹江,
CHENGDUSHI,7,市,
HEILONGJIANG,7,黑龙江,
JINANSHANDONG,7,山东,
JINANCITYSHANDONGPROVINCE,7,山东,需填写
ZHOUSHAN,7,舟山,
JIAOZUO,7,焦作,
SHIHEZI,7,石河子,
CHENGDE,7,承德,
ZHANJIANG,7,湛江,
FUYANG,7,阜阳,
GUANGZHOUGUANGDONG,7,广东,
ZHOUKOU,7,周口,
URMUQI,6,乌鲁木齐,
CHONGQIN,6,重庆,
GUANGZHOUCITYGUANGDONGPROVINCE,6,广东,需填写
TAIYUANSHANXI,6,山西,
HAINING,6,海宁,
QINGHAI,6,青海,
SANYA,6,三亚,
AKESU,6,阿克苏,
QUJIN,6,曲靖,
ANYANG,6,安阳,
HAMI,6,哈密,
SHAANXI,6,陕西,
PINGDINGSHAN,6,平顶山,
JIANGXI,6,江西,
HANZHONG,6,汉中,
ZHANGJIAGANG,6,张家港,
JIXI,6,鸡西,
YAAN,6,雅安,
SHOUGUANG,6,寿光,
XINYANG,6,信阳,
TANGSHANCITYHEBEIPROVINCE,6,河北,需填写
TONGZHOU,6,通州,
QIANJIANG,6,潜江,
FUQING,6,福清,
KAIFENG,6,开封,
ZHAOQING,6,肇庆,
LUAN,6,六安,
SHIYAN,6,十堰,
GUANGXILIUZHOU,6,柳州,需填写
WUWEI,6,武威,
GANSULANZHOU,6,兰州,需填写
LASA,6,拉萨,
RUYANG,6,汝阳,
LIUPANSHUI,6,六盘水,
HSINCHU,6,新竹,
MACAO,5,澳门,
URUMQICITYXINJIAN,5,乌鲁木齐,需填写
WUZHOUGUANGXICHINA,5,梧州,需填写
KASHI,5,喀什,
JININGSHANDONG,5,济宁,
NANNINGCITY,5,市,
QINGDAOSHANDONG,5,青岛,
HUAIBEI,5,淮北,
LIANYUNGANGCITYJIANGSUPROVINCE,5,江苏,需填写
SHIJIAZHUANGCITY,5,市,
BEIJNG,5,北京,
HUANGSHAN,5,黄山,
YUYAO,5,余姚,
YANBIAN,5,延边,
SHANGQIU,5,商丘,
BEIJIN,5,北京,
SHANXIDATONG,5,大同,需填写
SHENZHENG,5,深圳,
BAICHENG,5,白城,
ZIBOSHANDONG,5,山东,
YINGKOU,5,营口,
HUANGSHI,5,黄石,
SHENZHENCITY,5,市,
YIWU,5,义乌,
HENANZHENGZHOU,5,郑州,需填写
GUANGZHOUCITY,5,市,
HUAIHUA,5,怀化,
CHENGDUCITYSICHUAN,5,四川,
INNERMONGOLIA,5,内蒙古,
JIUJIANG,5,九江,
CHENZHOU,5,郴州,
DALIANCITYLIAONINGPROVINCE,5,辽宁,需填写
SICHUANDAZHOU,5,达州,需填写
YUNFU,5,云浮,
LUOYANGHENAN,5,河南,
HHHT,5,呼和浩特,
KAOHSIUNG,5,高雄,
NEWTAIPEI,5,新北,
NEWTAIPEICITY,5,新北市,
HKG,4,香港,
HK,4,香港,
ZHANGJIAJIE,4,张家界,
LEIZHOU,4,雷州,
GUANGMINGNEWDISTRI,4,光明新区,需填写
FOSHANGUANGDONG,4,广东,
WUSU,4,乌苏,
SHANDONGWEIFANG,4,潍坊,需填写
WEIHAISHANDONG,4,山东,
JIANGSUNANTONG,4,南通,需填写
YUXICITYYUNNANPROVINCE,4,云南,需填写
SHANGHAICHINA,4,上海,需填写
CHENGDUCITYSICHUANPROVINCE,4,四川,需填写
NANTONGJIANGSU,4,江苏,
HAIDIANBEIJING,4,北京海淀,需填写
NANTONGCITYJIANGSUPROVINCE,4,江苏,需填写
HEIHE,4,黑河,
SJZ,4,石家庄,
ANPING,4,安平,
QUFU,4,曲阜,
SHUANGYASHAN,4,双鸭山,
SHIJIANZHUANG,4,石家庄,
DALIANLIAONING,4,辽宁,
JS,4,江苏,
QQHR,4,齐齐哈尔,
CHIZHOU,4,池州,
CHANGZHI,4,长治,
QUZHOU,4,衢州,
HUHHOT,4,呼和浩特,
HUBEIWUHAN,4,武汉,需填写
FUXIN,4,阜新,
LIAONINGSHENYANG,4,沈阳,需填写
JIEYANG,4,揭阳,
QINGYANG,4,庆阳,
SHANWEI,4,汕尾,
NANPINGCHINA,4,南平,需填写
HEFEIANHUI,4,安徽,
NANTONGSHI,4,南通市,
LESHAN,4,乐山,
MEISHAN,4,眉山,
CHANGCHUNCITY,4,长春市,
BIJIESHI,4,市,
ZIGONG,4,自贡,
WUHAI,4,乌海,
CHANGCHUNJILIN,4,吉林,
SHANGLUO,4,商洛,
SHUNYI,4,顺义,
TSINGTAO,4,青岛,
TACHENG,4,塔城,
CHAOYANGDISTRICTBEIJING,4,北京朝阳,需填写
JIAYUGUAN,4,嘉峪关,
LUOYANGCITYHENANPROVINCE,4,河南,需填写
JIANGMENG,4,江门,
HEGANG,4,鹤岗,
BEIJINGSHI,4,北京市,
PINGTUNG,4,屏东,
KEELUNG,4,基隆,
MACAU,3,澳门,
DATONGSHANXI,3,山西,
SHANGHAICITY,3,上海市,
ZAOZHUANGTENGZHOU,3,枣庄滕州,需填写
CHIAN,3,中国,
KARAMAYXINJIANG,3,新疆,
XUZHOUJIANGSU,3,江苏,
DONGLIDISTRICTTIA,3,东丽区,需填写
SHENZHENCITYGUANGDONGPROVINCE,3,广东,需填写
SHENZHENGUANGDONGPROVINCE,3,深圳,需填写
SHANDONGQINGDAO,3,青岛,需填写
TONGLING,3,铜陵,
PUDONGSHANGHAI,3,上海浦东,需填写
MANZHOULI,3,满洲里,
JIAXINGZHEJIANG,3,浙江,
LVLIANG,3,吕梁,
TONGXIANG,3,桐乡,
CHANGSHU,3,常熟,
WUZHOUCITY,3,市,
NANYANGCITYHENANPROVINCE,3,河南,需填写
PEKING,3,北京,
BEIJINGBEIJING,3,北京,需填写
HULUNBEIER,3,呼伦贝尔,
TANGSAN,3,唐山,
LINXIA,3,临夏,
YANGQUANSHANXI,3,山西,
BAOTOUCITYINNERMONGOLIAAUTONOMOUSREGION,3,包头,需填写
NANJINGCITYJIANGSU,3,江苏,
TAICANGCITYJIANGSUCHINA,3,江苏,需填写
SUZHOUCITYJIANGSUPROVINCE,3,江苏,需填写
WUZHOU,3,梧州,
ANHUIWUHU,3,芜湖,需填写
DG,3,东莞,
XINGYI,3,兴义,
WULANCHABU,3,乌兰察布,需填写
ZHENGZHOUCITY,3,市,
TIELINGSHI,3,铁岭市,
HARBINHEILONGJIANG,3,黑龙江,
BAOTOUCITY,3,包头,需填写
SUZHOUCITY,3,苏州,需填写
XUYI,3,盱眙,
QIQIHAERCITY,3,齐齐哈尔,需填写
MIANYANGCITYSICHUANPROVINCE,3,四川,需填写
SH,3,上海,
WLMQ,3,乌鲁木齐,
SHANDONGJINAN,3,济南,需填写
ERDOS,3,鄂尔多斯,
NULL,3,,需填写
TAICANG,3,太仓,
SHANXIXIAN,3,西安,需填写
SICHUANCHENGDU,3,成都,需填写
GUANGDONGSHENZHEN,3,深圳,需填写
QINGDAOCITYSHANDONGPROVINCE,3,山东,需填写
JIANGNINGNANJING,3,江宁,需填写
DAXING,3,大兴,
SHENYANGCITYLIAONINGPROVINCE,3,辽宁,需填写
YANTAICITYSHANDONGPROVINCE,3,山东,需填写
CHANGSHACITY,3,长沙,需填写
HONGHE,3,红河,需填写
PUTIAN,3,莆田,
NANJINGCITY,3,南京,需填写
SHIZUISHAN,3,石嘴山,
ZHANGYE,3,张掖,
GUANGZOU,3,广州,需填写
DONGGUANG,3,东莞,需填写
HANGZHOUCITY,3,杭州,需填写
SHAOXIN,3,绍兴,需填写
NANJIN,3,南京,需填写
QINGDAOCITY,3,青岛,需填写
GUIYANGGUIZHOU,3,贵州,
FANGSHANQU,3,房山区,需填写
ZHUHAIGUANGDONG,3,广东,
GZ,3,广州,需填写
SHAOYANG,3,邵阳,
HENANXINXIANG,3,新乡,需填写
FUZHOUFUJIAN,3,福州,需填写
JIANGSUCHANGZHOU,3,常州,需填写
BAODI,3,宝坻,需填写
EZHOU,3,鄂州,需填写
TONGZHOUDISTRICTBEIJING,3,北京通州,需填写
CHANGCHUNCITYJILINPROVINCE,3,长春,需填写
HENGSHUISHI,3,衡水,需填写
JIANGYINCITYJIANGSUPROVINCE,3,江苏,需填写
TIANJING,3,天津,需填写
HONGHU,3,洪湖,需填写
SHANGRAO,3,上饶,
JIANGSUNANJING,3,南京,需填写
WUXICITYJIANGSUPROVINCE,3,江苏,需填写
DONGGUANGUANGDONG,3,广东,
HENGYANG,3,衡阳,
SHUANGLIAO,3,双辽,需填写
HEZHOU,3,贺州,
WENSHAN,3,文山,需填写
WEINAN,3,渭南,
MIANZHU,3,绵竹,需填写
NANCHONGCITY,3,南充市,需填写
XIZANG,3,西藏,需填写
LISHUI,3,丽水,
YUNNANKUNMING,3,昆明,需填写
FUYANGANHUI,3,安徽,
HAIDIANDISTRICTBEIJING,3,北京海淀,需填写
BENBU,3,蚌埠,需填写
NANCHANGJIANGXI,3,江西,
XUZHOUCITY,3,徐州,需填写
LUOHE,3,漯河,
URUMQICITY,3,乌鲁木齐,需填写
KUITUN,3,奎屯,需填写
DONGCHENGDISTRICTBEIJING,3,北京东城,需填写
GUIZHOUGUIYANG,3,贵阳,需填写
ZIBOCITY,3,淄博,需填写
ZHUMADIAN,3,驻马店,
LIAONINGDALIAN,3,大连,需填写
DANYANG,3,丹阳,需填写
SHENYANGSHI,3,沈阳,需填写
JIAN,3,吉安,需填写
PINGLIANG,3,平凉,
ZIYANG,3,资阳,
TONGZHOUDISTRICT,3,通州区,需填写
ZHEJIANGTAIZHOU,3,台州,需填写
XINGANMENG,3,兴安盟,需填写
TONGCHUAN,3,铜川,需填写
JINCHENG,3,晋城,
LONGYAN,3,龙岩,
YONGCHUANCHONGQING,3,重庆永川,需填写
WANG,3,香港,需填写
TAOYUANCITY,3,桃园市,需填写
CHANGHWA,3,彰化,需填写
WONGTAUSIN,2,香港,需填写
TAIPO,2,香港,需填写
QUARRYBAY,2,香港,需填写
TUENMUN,2,香港,需填写
PLEASECONTACTMEVI,2,香港,需填写
MIDLEVELS,2,香港,需填写
HEBEICHINA,2,河北,需填写
ZHANGZHOUCITYFUJI,2,漳州,需填写
TAISHAN,2,泰山,需填写
YUEYANGCITYHUNANP,2,岳阳,需填写
GUANGZHOUCITYGUANG,2,广州,需填写
GUANGZHOUCITYCANTO,2,广州,需填写
HAIKOUHAINAN,2,海口,需填写
FUTIANSHENZHEN,2,福田,需填写
KUERL,2,库尔勒,需填写
ZIBOHUANTAI,2,淄博桓台,需填写
HANDANCITYHEBEIP,2,邯郸,需填写
XINHUGENERALYARD,2,香港,需填写
NANCHUANCHONGQING,2,重庆南川,需填写
XINZHOUSHANXI,2,山西,
HUANTAI,2,桓台,需填写
SHEZHEN,2,深圳,需填写
XINZHOUCITYSHANXI,2,山西,
CENXIGUANGXI,2,广西,
CHANGSHACITYHUNANPROV,2,长沙,需填写
MAANSHANANHUI,2,安徽,
BEIJINGCITY,2,北京,需填写
WULANHAOTE,2,乌兰浩特,需填写
XIANYANGSHANXIPROVINCE,2,咸阳,需填写
XIAOGANHUBEI,2,湖北,
BAOTOUCITYININNER,2,包头,需填写
QINZHOUGUANGXI,2,广西,
SHANXXIAN,2,西安,需填写
SHAANXIXIANYANG,2,陕西,需填写
JIANGSUXUZHOU,2,江苏,需填写
NANGJING,2,南京,需填写
WUWEIGANSU,2,甘肃,
YIXINGJIANGSU,2,江苏,
CHENGDUWUHOUZONGSH,2,,需填写
HOHHOTCITYINNERMONGOLIAAUTONOMOUSREGION,2,呼和浩特,需填写
YANGQUANSHI,2,阳泉市,需填写
HUNANPROVINCECHINA,2,湖南,需填写
COMMUNITYDAXINGDISTRICTBEIJINGCHINA,2,北京大兴,需填写
URUMUQ,2,乌鲁木齐,需填写
PIZHOUCITYXUZHOU,2,徐州邳州,需填写
ZHANGJIAKOUCITYHEBEIPROVINCE,2,河北,需填写
HULUNBEIERNEIMENGGU,2,内蒙古,
BORTALA,2,博尔塔拉,
HEBEILANGFANG,2,河北,需填写
HAIDIANDISTRICTBE,2,海淀,需填写
TONGSHANHUBEI,2,湖北,
BEJING,2,北京,需填写
CHAOYANGDISTRICTBE,2,朝阳,需填写
CP,2,昌平,需填写
HUI,2,惠州,需填写
HUZHOUDEQING,2,湖州德清,需填写
LA,2,拉萨,需填写
LINGCANG,2,临沧,需填写
TIANHEDISTRICTGUANGZHOUGUANGDONG,2,广东,
SHANGHAICITIBAOSHAN,2,上海宝山,需填写
XICHENG,2,西城,需填写
LINGSHUI,2,陵水,需填写
CANGZHOUCITY,2,沧州,需填写
HUAIROU,2,怀柔,需填写
DONGCHENG,2,东城,需填写
SUZHOUCITYJIANGSU,2,江苏,
SHEYANG,2,射阳,需填写
SHIJIAZHUANGCITYHEBEIPROVINCE,2,河北,需填写
TJ,2,天津,需填写
GAOMI,2,高密,需填写
CS,2,长沙,需填写
SD,2,山东,需填写
ZHONGGUO,2,中国,需填写
SHANGHAISHANGHAI,2,上海,需填写
AKSU,2,阿克苏,
JIAXINGCITY,2,嘉兴,需填写
TIELING,2,铁岭,
HENANLUOYANG,2,洛阳,需填写
BAIYIN,2,白银,
GONGYI,2,巩义,需填写
BAYANNAOER,2,巴彦淖尔,需填写
HRB,2,哈尔滨,需填写
JINZHOUCITYLIAONI,2,锦州,需填写
LINDIANCOUNTY,2,临猗县,需填写
TONGHUA,2,通化,需填写
SUIZHONG,2,绥中,需填写
SHISHI,2,石狮,需填写
DAQINGSHI,2,大庆,需填写
ALTAY,2,阿勒泰,需填写
QUJINGYUNNAN,2,云南,
FUJIAN,2,,需填写
MIANYANGSICHUAN,2,四川,
YIBINSICHUAN,2,四川,
FENGTAIBEIJING,2,北京丰台,需填写
SHANDONGSHENGSHOUGUANGSHI,2,山东,需填写
MUDANJIANGCITYHEILONGJIANGPROVINCE,2,黑龙江,需填写
SHENZHENCITYGUANGDONG,2,广东,
CHONGQI,2,重庆,需填写
SHANDONGBINZHOU,2,山东,需填写
JINZHONGSHI,2,晋中,需填写
SUIZHOUHUBEI,2,湖北,
GAOYANGCITY,2,高阳市,需填写
CHENGDEHEBEI,2,河北,
NANCHANGCITY,2,南昌,需填写
COMMERCIALBUILDING,2,香港,需填写
CHANGZHISHANXIBRA,2,长治,需填写
SHANXISHENGTAIYUANSH,2,山西,需填写
HUHEHOT,2,呼和浩特,需填写
ZJG,2,张家港,需填写
TANGSHANCITYHEBEI,2,河北,
HUNLUNBEIER,2,呼伦贝尔,需填写
TAIYUANSHSNXI,2,太原,需填写
SZ,2,深圳,需填写
SHENGZHENG,2,深圳,需填写
YONGZHOU,2,永州,
DU,2,都匀,需填写
BEIJINGHAIDIAN,2,北京海淀,需填写
SHAOGUANGUANGDONG,2,广东,
JINANSHI,2,济南,需填写
NINGXIA,2,宁夏,需填写
HENANSHENGZHENGZHOU,2,河南,需填写
ZHENGZHOUCITYHENANPROVINCE,2,河南,需填写
HEBEISHIJIAZHUANG,2,河北,需填写
DALI,2,大理,需填写
JINGHONG,2,景洪,需填写
HEDONGDISTRICTTIANJIN,2,天津河东,需填写
SUZHOUJIANGSUPROVINCE,2,苏州,需填写
KM,2,昆明,需填写
SOOCHOW,2,苏州,需填写
JINCHANG,2,金昌,
SHANDONGLAIYANG,2,山东,需填写
RUGAO,2,如皋,需填写
LIANYUNGANGJIANGSU,2,江苏,
SHANDONGPROVINCEZ,2,山东,需填写
TAI,2,台州,需填写
LAIYANG,2,莱阳,需填写
JINHU,2,金湖,需填写
YANGZHONGJIANGSU,2,江苏,
YANGZHONGJIANGSUPR,2,扬中,需填写
YANGZHONGCITYJIAN,2,扬中,需填写
HAIMEN,2,海门,需填写
NANTONGCHINA,2,南通,需填写
KAIYUAN,2,开远,需填写
SHOGUANG,2,寿光,需填写
LUZHOU,2,泸州,
CHONGQINGCITY,2,重庆,需填写
AMOY,2,厦门,需填写
QIDONG,2,启东,需填写
QIONGHAI,2,琼海,需填写
LANZHOUCITYGANSUPROVINCE,2,甘肃,需填写
SHANGHAIPRCHINA,2,上海,需填写
HEBEISHENG,2,河北,需填写
HANGZHOUZHEJIANGP,2,杭州,需填写
TIANTAIXIAN,2,天台县,需填写
ZHANGZHOUCITYFUJIA,2,漳州,需填写
XUHUIDISTRICTSHANGHAI,2,上海徐汇,需填写
GUANGDONGGUANGZHOU,2,广州,需填写
XILINHOT,2,锡林浩特,需填写
LINYICITY,2,临沂,需填写
TAIYUANCITYSHANXIPROVINCE,2,山西,需填写
JINGZHOUHUBEI,2,湖北,
WUYI,2,武义,需填写
LAOHEKOU,2,老河口,需填写
YICHANGHUBEI,2,湖北,
CHINABEIJING,2,北京,需填写
CHANGCHUNJILINPROVINCE,2,长春,需填写
YANCHEN,2,盐城,需填写
CHANGSHACITYHUNANPROVINCE,2,湖南,需填写
WUJIAQU,2,五家渠,
CHANGNINGDISTRICTSHANGHAI,2,上海长宁,需填写
JIANGSUWUXI,2,江苏,需填写
QINGDAOSHI,2,青岛,需填写
FUSHUNCITYLIAONINGPROVINCE,2,辽宁,需填写
BAISE,2,百色,
WUXISHI,2,无锡,需填写
ELECTRONICSSCIENCE,2,电子科大,需填写
YIYANG,2,益阳,
ZHANJIANGGUANGDONG,2,广东,
LILING,2,醴陵,需填写
JIANGJINDISTRICTCHONGQING,2,重庆江津,需填写
GANGZHOUGUANGDONG,2,广东,
NINGDE,2,宁德,
SHANTOUGUANGDONG,2,广东,
NANZHUANGTOWNCHAN,2,香港,需填写
HUNANYIYANG,2,湖南,需填写
ZHONGSHANG,2,中山,需填写
JIUQUANCITYGANSUPROVINCE,2,甘肃,需填写
HAERBING,2,哈尔滨,需填写
XIANGXI,2,湘西,需填写
NANJINGCITYJIANGSUPROVINCE,2,江苏,需填写
XUANCHENG,2,宣城,
JILING,2,吉林,需填写
FANGSHAN,2,房山,需填写
XIANCITY,2,西安,需填写
SHIFANG,2,什邡,需填写
XINGYIGUIZHOU,2,贵州,
ANSHUN,2,安顺,需填写
WENFENGSTREETSHUN,2,顺义,需填写
ZUNYIGUIZHOU,2,贵州,
XIAAN,2,西安,需填写
KUNSHANJIANGSU,2,江苏,
RENQIU,2,任丘,需填写
NEIMENGGUCHIFENGSHIHONGSHANQU,2,内蒙古,需填写
CHANGPINGDISTRICTBEIJING,2,北京昌平,需填写
JININGCITYSHANDONGPROVINCE,2,山东,需填写
HECHI,2,河池,
DATONGSHI,2,大同,需填写
XIANTAO,2,仙桃,
LIUZHOUSHI,2,柳州,需填写
PINGXIANG,2,萍乡,
HUZHOUZHEJIANGPROVINCE,2,湖州,需填写
XISHUANGBANNA,2,西双版纳,需填写
JINHUACITYZHEJIANGPROVINCE,2,浙江,需填写
YUXI,2,玉溪,需填写
DANDONGLIAONING,2,辽宁,
LINYICITYSHANDONGPROVINCE,2,山东,需填写
JINCHANGCITYGANSU,2,甘肃,
SHAOGUANG,2,,需填写
CHONGQINGCHINA,2,重庆,需填写
JIAXIN,2,嘉兴,需填写
YIBINCITYSICHUANPROVINCE,2,四川,需填写
GANZHOUCITYJIANGXIPROVINCE,2,江西,需填写
ANKANG,2,安康,需填写
XIANSHANNXI,2,西安,需填写
GUANGXINANNING,2,广西,需填写
YUZHOU,2,禹州,需填写
GUHAIDAOGUAJIASISTHEXIDISTTIANJIN,2,天津西青,需填写
LIUAN,2,六安,需填写
INNERMONGOLIAAUTONOMOUSREGION,2,内蒙古,需填写
WUHUCITYANHUIPROVINCE,2,安徽,需填写
HUBEISONGZI,2,湖北,需填写
LANGFANGHEBEIPROVINCE,2,廊坊,需填写
FUKANG,2,阜康,需填写
NIAONIN,2,辽宁,需填写
BEIZHENSHI,2,北镇市,需填写
SAOXIN,2,绍兴,需填写
LIUZHOUGUANGXI,2,广西,
SHAPINGBADISTRICTCHONGQING,2,重庆沙坪坝,需填写
SONGJIANGSHANGHAI,2,上海松江,需填写
BOMI,2,博美,需填写
YANJI,2,延吉,需填写
CQ,2,重庆,需填写
CHANGCHUNSHI,2,长春市,需填写
NANNINGGUANGXI,2,广西,
XINGTAISHI,2,邢台,需填写
ANSHANLIAONING,2,辽宁,
URUMCHI,2,乌鲁木齐,需填写
HAIDIANDISTRICT,2,海淀,需填写
XIAOGAN,2,孝感,
DONGYINGCITYSHANDONGPROVINCE,2,山东,需填写
BINZHOUSHI,2,滨州,需填写
WUXIJIANGSU,2,江苏,
XIANCITYSHAANXIPROVINCE,2,陕西,需填写
HUAINANANHUI,2,安徽,
BOZHOU,2,亳州,
FS,2,佛山,需填写
PENGSHANDISTRICTMEISHANCITYSICHUANPROVINCE,2,四川,需填写
CIZHOU,2,磁州,需填写
ABAZHOU,2,阿坝州,需填写
PANYUDISTRICTGUANGZHOUCITYCHINA,2,番禺,需填写
JIANGMENCITY,2,江门,需填写
LINYISHI,2,临沂,需填写
SONGYUANSHI,2,松原市,需填写
SUZHOUKUNSHAN,2,昆山,需填写
TIANSHUI,2,天水,
XIANSHAANXI,2,陕西,
JIULONGPOCHONGQING,2,,需填写
BEIJINGSHICHAOYANGQU,2,北京朝阳区,需填写
SHANDONGWEIHAI,2,山东,需填写
NANJINGJIANGSUPROVINCE,2,南京,需填写
NEIJIANG,2,内江,
XINZHOU,2,忻州,
ZHONGLOUDISTRICTCHANGZHOU,2,常州钟楼,需填写
GUANGDONGPROVINCE,2,广东,需填写
TIANCHANG,2,天长,需填写
SHEHONG,2,射洪,需填写
GUANGZHONG,2,广州,需填写
SHICHUANDAZHOU,2,达州,需填写
DONGGUANCITY,2,东莞,需填写
WUHANCITYHUBEIPROVINCE,2,湖北,需填写
TAIXING,2,泰兴,需填写
DONGTAI,2,东台,需填写
HEBI,2,鹤壁,
JINGWUTOWNXIQINGDISTRICTTIANJINCITY,2,天津西青,需填写
YANGJIANG,2,阳江,
TONGREN,2,铜仁,需填写
ZHANG,2,漳州,需填写
XIANGYANGHUBEI,2,湖北,
YINING,2,伊宁,需填写
LONGYANG,2,,需填写
SHANGDONG,2,山东,需填写
YANAN,2,延安,
GUIGANG,2,贵港,
YICHANGCITY,2,宜昌,需填写
FUJIANLONGYAN,2,龙岩,需填写
SJIJIAZHUANG,2,石家庄,需填写
SHANGQIUSHI,2,商丘,需填写
JILINSHI,2,市,需填写
MIAOLIXIAN,2,苗栗,需填写
YUANLIN,2,员林,需填写
NEWTAIPE,2,新北,需填写
ILAN,2,宜兰,
YILAN,2,宜兰,需填写
TAIPEICITYTW,2,台北,需填写
TAIPET,2,台北,需填写
CHIAYI,2,嘉义,
CHUNGLI,2,中坜,需填写
TAIPONT,1,,需填写
CHEUNGSHA,1,,需填写
YUENLONG,1,,需填写
SHAMSHUIPOKLN,1,,需填写
HONGKONGSAR,1,香港,需填写
MAONSHAN,1,,需填写
NT,1,,需填写
NORTHPOINT,1,,需填写
HKSAR,1,香港,需填写
SHATIN,1,,需填写
TSEUNGKWANO,1,,需填写
HONGKOG,1,,需填写
KWUNTONG,1,,需填写
NEWTERRITORIES,1,,需填写
LUNGYEUKTAUFANLING,1,,需填写
TSUENGKWANO,1,,需填写
MACAUSAR,1,澳门,需填写
SHANGAI,1,,需填写
WANCHAI,1,,需填写
HAININGZHEJIANG,1,浙江,
XINJIANGSHANSHAN,1,新疆,需填写
HAIZHUDISTRICTGUAN,1,,需填写
HEJING,1,,需填写
SHANGHAIPUDONGDISTRICT,1,,需填写
XINJIANGWULUMUQICITY,1,新疆,需填写
CUIQUANROADTIANS,1,,需填写
UEUMQI,1,,需填写
URUMQIXINJIANGUYGU,1,,需填写
XISHUI,1,,需填写
DONGYANGZHEJIANGPR,1,,需填写
TIANYANGCOUNTYBA,1,,需填写
CHANGZHOUJIANGSUPROVINCE,1,常州,需填写
ANSHANCITYLIAONING,1,辽宁,
NANGNING,1,,需填写
XINGJIANG,1,,需填写
JIANGSUNANTONGOFCHINA,1,江苏,需填写
QINGDAOCITYSHANDO,1,,需填写
XINGYICITYGUIZHOUPROVINCE,1,贵州,需填写
HUNANXIANGTAN,1,湖南,需填写
HOHHTCHINA,1,,需填写
HONGQIAOTOWNYUEQINGZHEJIANG,1,浙江,
JILINTONGHUA,1,,需填写
XIANYANGSHANXI,1,山西,
WEIHAICITYSHANDONGPROVINCE,1,山东,需填写
HEILONGJIANGDAQING,1,黑龙江,需填写
LITONGLIAO,1,,需填写
GULOUDISTRICTFUZHOU,1,,需填写
XIANSHANXI,1,山西,
HUBEIER,1,湖北,需填写
HUAIHUACITY,1,怀化,需填写
FOSHANCITYGUANGDONGPROVINCE,1,广东,需填写
SHNAGHAI,1,,需填写
NANGTONGCITYJIANGSUPROVINCE,1,江苏,需填写
TIANCHUNHUI,1,,需填写
NANPINGFUJIAN,1,,需填写
TIANSHUICITYOFGANSUPROVINCE,1,甘肃,需填写
YANJIJILIN,1,吉林,
WUZOUGUANGXI,1,广西,
LANZHOUSHI,1,兰州,需填写
CENXISHI,1,,需填写
MENGZI,1,,需填写
AKS,1,,需填写
HAIDIANDISTRICTBEI,1,,需填写
CHANGYANGDISTBEIJ,1,,需填写
HUAIHUACITYHUNAN,1,湖南,
BINHAIDISTRICT,1,,需填写
CHANGPINGDISTRICTB,1,,需填写
BEIJINGSHIFANGSHANQU,1,,需填写
HENANSHENGNANYANGSHI,1,河南,需填写
HUIGONGROADERDAODISTRICTCHANGCHUNJILIN,1,吉林,
BEIJINGSHIFENGTAIQU,1,,需填写
LINZIZIBOSHANDONG,1,山东,
HUAIROUTOWNHUAIROUDISTRICT,1,,需填写
BAOSHANDISTRICTSHANGHAI,1,,需填写
BAOJICITYSHAANXIPROV,1,,需填写
QQHER,1,,需填写
LONGSHADISTRICTQIQIHARCITY,1,,需填写
WUYANGCOUNTYLUOHECITYHENANPROVINCE,1,河南,需填写
HANGZHOUCHINA,1,杭州,需填写
YANCGENG,1,,需填写
HLBE,1,,需填写
JINSHUIDISTRICTZHENGZHOUCITYHENANPROVINCE,1,河南,需填写
JIANGS,1,,需填写
SHENZHENCITYGUANGDONGCHINA,1,广东,需填写
HEILONGJIANGQIQIHAR,1,齐齐哈尔,需填写
PINGSI,1,,需填写
CN,1,,需填写
HEILONGJIANGMUDANJIANG,1,黑龙江,需填写
HHHTS,1,,需填写
WANGJIANG,1,,需填写
CHAOHU,1,,需填写
PUDONG,1,浦东,需填写
SHIJIAZHUANGHEBEICHINA,1,石家庄,需填写
GUANHECUNHEBEISHENGCHINA,1,,需填写
ZHEJIANGFUJIANJIANGXI,1,江西,
GUIYANGCITY,1,,需填写
PUDONGDISTRICTSHANGHAI,1,,需填写
BEIJTNG,1,,需填写
LINGUICOUNTYGUILINCITYGUANGXIPRC,1,,需填写
SHAOXINGCOUNTYZHEJIANGPROVINCE,1,浙江,需填写
WESTLONGHUARDSHANGHAI,1,,需填写
JINGXITOWN,1,,需填写
ZUNHUA,1,,需填写
LONGJING,1,,需填写
ANQIU,1,,需填写
HULUDAOLIAONING,1,辽宁,
DAQIND,1,,需填写
GANJINGZIDISTRICTD,1,,需填写
HAERBINHEILONGJIANG,1,黑龙江,
CHANGCUN,1,,需填写
SIPINGJILINPROVIN,1,,需填写
CHANGCHUNCITYJILI,1,,需填写
ANHUIPROVINCE,1,安徽,需填写
BAOJICITYSHAANXIPROVINCE,1,陕西,需填写
XIAOXIAN,1,,需填写
LUOTIANFENGSHAN,1,,需填写
BAYANNURCITY,1,巴彦淖尔,需填写
DONGPING,1,,需填写
XINJIANGSHIHEZI,1,新疆,需填写
CHINAXINJIANGSHIHEZI,1,,需填写
HETIAN,1,,需填写
BEIZHEN,1,,需填写
SHANQIU,1,,需填写
KENT,1,,需填写
TIANJIAN,1,,需填写
URUMCHIXINJIANG,1,新疆,
QIAIHAER,1,,需填写
SHANGSHA,1,,需填写
CHENDAN,1,,需填写
XIAOSHANDISTRICTHANGZHOUCITY,1,,需填写
HANCHENGCITYSHAANXIPROVINC,1,,需填写
HEILONGJIANGQIQIHAER,1,黑龙江,需填写
XININGQINGHAI,1,青海,
HEILUOJIANGJILINLIAONING,1,辽宁,
LIAONINGSHENG,1,辽宁,需填写
TAICANGCITY,1,太仓,需填写
GUANGDONGZHONGSHAN,1,广东,需填写
DAYE,1,,需填写
QIQIHAERNEHESHI,1,,需填写
JINGZHOUCITY,1,荆州,需填写
CHINASICHUAN,1,四川,
JIANGYINCITYJIANGSUPROVINCENEWCITIZENSYUNTING,1,,需填写
WUXIPROVINCE,1,无锡,需填写
ZHENG,1,,需填写
NEIMENGGUMANZHOULI,1,内蒙古,需填写
HULIDISTRICTXIAMENCITYFUJIANPROVICE,1,,需填写
NANTONGJS,1,,需填写
HENGLANTOWNZHONGSHANCITYGUANGDONGPROVINCE,1,广东,需填写
SONGZISHI,1,,需填写
TAIAHOU,1,,需填写
CHENGDUMUDANJIANG,1,,需填写
TIANJINHEBEIQUZHONGTIEGUOJI,1,,需填写
JTNGZHOU,1,,需填写
YAANSHICHUAN,1,,需填写
DONGLIDISTRICTTIANJINCHINA,1,,需填写
TIANJINHEBEIQU,1,,需填写
HUICHENGYUANXUHUIDISTRICTSHANGHAI,1,,需填写
XIAOSHANHANGZHOUZHEJIANG,1,浙江,
BAOTOUCITYNEIMENGG,1,,需填写
SHIJIAZHUANGCITYH,1,,需填写
HEBEIPROVINCE,1,河北,需填写
INNREMONGOLIA,1,,需填写
BEIJINGSICHUAN,1,,
SHANXIYUNCHENG,1,山西,需填写
TANSHAN,1,,需填写
SHJIAZHUANGHEBEI,1,河北,
SHIJIAZHUANGCITYHE,1,,需填写
HEXITIANJIN,1,,需填写
TAINJIN,1,,需填写
XIYANG,1,,需填写
TIANJINGSHI,1,,需填写
CENDU,1,,需填写
TAIYAN,1,,需填写
BAODDING,1,,需填写
SUSHOU,1,,需填写
HEXIDISTRICTTIANJIN,1,,需填写
DONGGUANSHI,1,东莞,需填写
TIANMEN,1,天门,
TAIANCITY,1,泰安,需填写
TIANJINSHIHEIBEUQUYIBAILU,1,,需填写
YANGQUANCITYSHANXIPROV,1,,需填写
ZHEJIANGPROVINCE,1,浙江,需填写
KORLACITYBAZHOU,1,,需填写
DALIANCITYLIAONINGPROVINCECHINA,1,,需填写
HANDANHEBEI,1,河北,
LONG,1,,需填写
XINGHUA,1,,需填写
ZHENGZHOUCITYHENANPROVINCECHINA,1,,需填写
HAIKOUCITYHAINANPROVINCE,1,,需填写
SUZHOUCITYJIANGSUPROCHINA,1,,需填写
ZHEJIANGPINHU,1,浙江,需填写
QUANSHANXUZHOUJIANGSU,1,江苏,
YANGZHONGZHENJIANGCITYJIANGSUPROVINCE,1,江苏,需填写
ZHENGDING,1,,需填写
JINGZHONG,1,,需填写
HEIBEI,1,,需填写
SHANGCHENG,1,,需填写
NANNINGCITYGUANGXIZHUANGAUTONOMOUSREGION,1,,需填写
HEBEIBAODING,1,河北,需填写
XUZHOUANHUI,1,安徽,
CHINAZHENGJIANG,1,,需填写
HUIJIDISTRICTZHENGZHOUHENAN,1,河南,
HFEI,1,,需填写
SHANDONGPROVINCE,1,山东,需填写
HUIMIN,1,,需填写
HEIBEIQINHUANGDAO,1,,需填写
LUXI,1,,需填写
XICHENGBEIJING,1,,需填写
NINGBOSHIZHEJIANGSHENG,1,,需填写
NINGBOSHI,1,宁波,需填写
XIANGYANGSHI,1,,需填写
TONGCHENGCOUNTYXIANNINGHUBEI,1,湖北,
NINGXIANG,1,,需填写
ULANQAB,1,乌兰察布,
HAIAN,1,,需填写
WUXICITYJIANGSUPR,1,,需填写
RENCHENGDISTRICTJI,1,,需填写
ZIBOCITYORCHIDSOC,1,,需填写
RUGAOCITYJIANGSUP,1,,需填写
JINGJIANGJIANGSU,1,江苏,
SHANDONGZIBOCITY,1,山东,需填写
SHANDONGSHENGWEIHAISHI,1,山东,需填写
JININGCITYSHANDON,1,,需填写
DANYANGCITYJIANGS,1,,需填写
HUANANJIANGSU,1,江苏,
DANYANGJIANGSU,1,江苏,
YANCHENGSHI,1,盐城,需填写
XUHUISHANGHAI,1,,需填写
ZIBOCITYSHANDON,1,,需填写
TAIANSHANDONGSHENG,1,,需填写
WUXICITYJIANGSUP,1,,需填写
LINXIANGCITYHUNANPROVINCE,1,湖南,需填写
YUNNANKUNMINGQIANWEIROADXISHANDISTRICT,1,云南,需填写
TUMEN,1,,需填写
BAOSHAN,1,,需填写
NINGGUOCITYANHUIPROVINCE,1,安徽,需填写
HEBEIXINGTAI,1,河北,需填写
WENSHANCITYYUNNANPROVINCE,1,云南,需填写
HEBEISJZ,1,河北,需填写
LIAONINGPROVINCECHINA,1,辽宁,需填写
FUJIANCHINA,1,,需填写
DONGHAITOWNLUFENGCITYGUANGDONGPROVINCE,1,广东,需填写
CHANGLECITYFUJIAN,1,,需填写
HANGZHOUCITYZHEJIANGPROVINCE,1,浙江,需填写
SUIHUACITYHEILONGJIANG,1,黑龙江,
MILPITAS,1,,需填写
LNSHENYANG,1,,需填写
XINCHENGDISTRICTHOHHOTINNERMONGOLIA,1,内蒙古,
CHUZHOUANHUI,1,安徽,
HUADIAN,1,,需填写
JIANGSUSUZHOU,1,江苏,需填写
WENSHANZHOU,1,,需填写
LIAOLINGSHENYANG,1,,需填写
BEIJIG,1,,需填写
NANJINGJIANGSUPROVINCECHINA,1,,需填写
HUIMINXIAN,1,,需填写
HEBEIPROVINCECANGZHOUCITYSUNING,1,河北,需填写
YANGZHOUJIANGSU,1,江苏,
ZIGONGSICHUAN,1,四川,
XINGNINGDISTRICTNANNINGGUANGXIZHUANGAUTONOMOUSREGION,1,,需填写
TAIERZHUANG,1,,需填写
HAISHUDISTRICTNINGBOCITYZHEJIANGPROVINCE,1,浙江,需填写
DONGGUANGUANGDONGPROVINCE,1,东莞,需填写
SHIHEDISTRICTXINYANGHENANPROVINCE,1,河南,需填写
BEIJINGPINGGU,1,,需填写
SHENAYNG,1,,需填写
JIAMUSIHEILONGJIANG,1,黑龙江,
ZUHAI,1,,需填写
XIAO,1,,需填写
SHIJIAZ,1,,需填写
JININ,1,,需填写
SHENYANGCITY,1,沈阳,需填写
XINGHUATAIZHOUJIANGSU,1,江苏,
NANTON,1,,需填写
GUANGXIBAISE,1,广西,需填写
LUFENGCITYSHANWEICITYGUANGDONGPROVINCE,1,广东,需填写
SUQIANCITYJIANGSU,1,江苏,
SHUANGLIAOCITYJILINPROVINCEPRCHINA,1,,需填写
WUYISHANG,1,,需填写
SIHONG,1,,需填写
PEIXIAN,1,,需填写
ZHOUSHANZHEJIANG,1,浙江,
SHENGYANG,1,,需填写
NEWPUDONGDISTRICTSHANGHAIPRCHINA,1,,需填写
HARBINHEILONGJIANGPROV,1,,需填写
RONGCHENGCITYSHANDONGPROVINCE,1,山东,需填写
HANGZHOUZHEJIANGCHINA,1,杭州,需填写
CIXIZHEJIANG,1,浙江,
ZIBOSHANDONGCHINA,1,淄博,需填写
GUANGDONGQINGYUAN,1,广东,需填写
NINGBOZHEJIANG,1,浙江,
NANGTONG,1,,需填写
PENGJIANGDISTRICTJIANGMENGUANGDONGPROVINCE,1,广东,需填写
CHIXI,1,,需填写
FUJIANLONGYANWUPING,1,,需填写
DONGYANGCITYZHEJ,1,,需填写
LHANGZHOU,1,,需填写
LANXICITYZHEJIANG,1,浙江,
DONGYANG,1,,需填写
ZHEJIANGSHENGP,1,浙江,需填写
BAOTOUCITYINNERMONGOLIAPROVINCE,1,,需填写
SIMINGDISTRICTXIA,1,,需填写
ZHANGDIANDISTRICTZIBOCITYSHANDONGPROV,1,,需填写
IANJIN,1,,需填写
LIYISHANDONG,1,山东,
YANBIANXIAN,1,,需填写
ZHANGZHOUFUJIANCH,1,,需填写
CD,1,成都,需填写
LIUZHOUGUANGXIZHUANGAUTONOMOUSREGION,1,,需填写
TONGZHOUDISTRICTNANTONGCITYJIANGSUPROVINCE,1,江苏,需填写
YINZHOUDISTRICTNINGBOCITYZHEJIANGPROVINCE,1,浙江,需填写
SHI,1,,需填写
GUANGHZOU,1,,需填写
SANMING,1,三明,
LIAONINGFUSHUN,1,辽宁,需填写
YINANCOUNTYLINYICITYSHANDONGPROVINCE,1,山东,需填写
ZHEGNZHOU,1,,需填写
SHANXIBAOJI,1,山西,需填写
MILUOCITY,1,,需填写
SHYASHAN,1,,需填写
TIANJINBINHAINEWAREAZHONGXINECOLOGICALCITY,1,,需填写
SHANXISHENGBAOJISHI,1,山西,需填写
NY,1,,需填写
SHUANGYASHANSHI,1,双鸭山,需填写
QINGZHOU,1,,需填写
YINCHAN,1,,需填写
HONGHUSHI,1,,需填写
HENANPROVINCE,1,河南,需填写
SHENZHENGUANGDONGPROVICE,1,,需填写
SUIFENHE,1,,需填写
HUZHOI,1,,需填写
SHENHEDISTRICTSHENYANGCITYLIAONINGPROVINCE,1,辽宁,需填写
ZHONGSHANGUANGDONGPROVIN,1,,需填写
XINGAN,1,兴安盟,
SHAOYANGCITY,1,邵阳,需填写
ERQIDISTRICTZHENGZHOUHENANPROVINCECHINA,1,,需填写
YUNNANHONGHE,1,红河,需填写
BOERTAIAMENGGUZIZHZHOU,1,,需填写
HEILONGJIANGPROVINCEXICHENGTOWNKESHANCOUNTY,1,黑龙江,需填写
ZHAOTIONG,1,,需填写
YUTIAN,1,,需填写
HANGZHOUCAPITALCITYOFZHEJIANGPROVINCE,1,浙江,需填写
GOANGZHOU,1,,需填写
BEIJINGFANGSHANQU,1,,需填写
YA,1,,需填写
JIANGYINJIANGSU,1,江苏,
NANNINGGUANGXIZHUANGAUTONOMOUSREGION,1,,需填写
TACHEN,1,,需填写
YIWUZHEJIANGCHINA,1,义乌,需填写
LONGNANXIANJIANGXI,1,江西,
ZHEJIANGHUZHOU,1,浙江,需填写
WENQUANXIAN,1,,需填写
AKTOCOUNTY,1,,需填写
CHENGDUSICHUANCHINA,1,成都,需填写
TIANCHANGCITYCHUZHOUCITYANHUIPROVINCE,1,安徽,需填写
JIULONG,1,,需填写
HEERBIN,1,,需填写
QINGYANGDISTRICTCHENGDU,1,,需填写
CITY,1,,需填写
XXS,1,,需填写
XINNIN,1,,需填写
YUENLONGHONGKONG,1,香港,需填写
ZHANGGONGDISTRICTGANZHOUCITYJIANGXIPROVINCE,1,江西,需填写
BENGSHANDISTRICTBENGBUCITYANHUIPROVINCE,1,安徽,需填写
BAOTOUCITYINNERMONGOLIA,1,内蒙古,
DONGHEDISTRICTBAOTOUCITYNEIMENGGU,1,内蒙古,
TENGZHOU,1,滕州,需填写
INNERMONGLIA,1,,需填写
CHHENGDU,1,,需填写
QINGSHANDISTRICTBAOTOUCITYINNERMONGOLIA,1,内蒙古,
JILI,1,,需填写
JIAOZUOCITYHENANPROVINCE,1,河南,需填写
BAOTOUCITYTHEINNERMONGOLIAAUTONOMOUSREGION,1,,需填写
KUNDISTRICTBAOTOUCITYINNERMONGOLIACHINA,1,,需填写
TENGZHOUCITY,1,,需填写
HAILAER,1,,需填写
JIANOUCITY,1,,需填写
NANSHANDISTSHENZHEN,1,,需填写
NANCHONGSICHUAN,1,四川南充,
IQIHAER,1,,需填写
TENGZHOUSANDONG,1,,需填写
XINXING,1,,需填写
URUMQ,1,,需填写
LIAOCHENGCITYSHANDONGPROVINCE,1,山东,需填写
LINWEIWEINANSHAANXI,1,陕西,
LB,1,,需填写
WUHUCITYANHUIPROV,1,,需填写
XIANGCHENGXIANGYANG,1,,需填写
HENANXUCHANG,1,河南,需填写
XILINGSTREETYICHANGCITYHUBEIPROVINCE,1,湖北,需填写
SS,1,,需填写
SHANXITRANSFORMATIONCOMPREHENSIVEREFORMDEMONSTRATIONZONE,1,山西,需填写
MINHANGDISTRICTSHANGHAICITY,1,,需填写
NANNINGCITYGUANGXIPROVINCE,1,广西,需填写
YINCHUANNINGXIA,1,,需填写
YANGQUANCITYSHANXIPROVINCE,1,山西,需填写
JILINSIPING,1,,需填写
GU,1,,需填写
DASHIQIAO,1,,需填写
BEILINDISTRICTSUIHUACITYHEILONGJIANGPROVINCE,1,黑龙江,需填写
HUBEIXIAOGAN,1,湖北,需填写
TIANCHANGCHUZHOU,1,,需填写
CENGDE,1,,需填写
HAIDIANDISTRICTBEIJINGPROFCHINA,1,,需填写
HUOLINGUOLE,1,,需填写
HLJJIXI,1,,需填写
LHASATIBET,1,,需填写
CITYSONGYUAN,1,,需填写
PANJINCITYLIAONINGPROVINCE,1,辽宁,需填写
CHIFENGSHI,1,赤峰,需填写
SHANNXIXIAN,1,,需填写
WENJIANG,1,,需填写
LONGGANGDISTRICTSHENZHENGUANGDONGPROVINCE,1,广东,需填写
XUECHENGDISTRICTZAOZHUANGCITYSHANDONGPROVINCE,1,山东,需填写
JIAXINZHEJIANG,1,浙江,
XUXI,1,,需填写
YILI,1,,需填写
BAOJISHANANXICHINA,1,,需填写
GUANGZHOUCITYGUANGDONG,1,广东,
ZTYANG,1,,需填写
TINJIN,1,,需填写
HEBEIQU,1,河北,需填写
KELAMAYI,1,,需填写
SUININ,1,,需填写
NAMTONG,1,,需填写
JIAXINGZHEJINGPROVINCE,1,,需填写
HEIFEICITYANHUI,1,安徽,
JIAXINGZHEJIANGCHINA,1,嘉兴,需填写
THANGSHAN,1,,需填写
CHAOYANGLIAONING,1,辽宁,
KAIFENGCITYHENANPROVINCE,1,河南,需填写
LASACITYXIZANGPROVINCE,1,,需填写
KUERLE,1,,需填写
JIANGSUYANGZHONG,1,江苏,需填写
JURONGCITYJIANGSUPROVINCE,1,江苏,需填写
LIAOYUAN,1,,需填写
BEIQIJIATOWNCHANGPINGDISTRICTBEIJING,1,,需填写
YT,1,,需填写
YANTAICITY,1,烟台,需填写
XUZOU,1,,需填写
JIANGSUPROVINCEWUXICITYCHONGANDISTRICTGUANGYI,1,,需填写
WULINDISTRICTCHANGDECITY,1,,需填写
SHENZHENSZ,1,,需填写
BENGBUCITYANHUIPROVINCE,1,安徽,需填写
BEIJINGTONGZHOU,1,,需填写
ZHAOTONG,1,,需填写
HONGYANG,1,,需填写
MEISHANSICHUAN,1,四川,
SHANDONGYING,1,山东,需填写
BEICHUAN,1,,需填写
HULUDAOCITYLIAONINGPROV,1,,需填写
HUZHOUCITYZHEJIANGPROVINCE,1,浙江,需填写
SHENGZHOU,1,,需填写
YUDUCOUNTYGANZHOUCITYJIANGXIPROVINC,1,,需填写
DJDDJKCCCN,1,,需填写
BAOANDISTRICTSHENZHENCHINA,1,,需填写
HUOFEI,1,,需填写
JIANGDONGROADXIANGYINCOUNTYYUEYANGCITYHUNAN,1,湖南,
LIYANGCITY,1,,需填写
CHAGNSHA,1,,需填写
TIANYUANDISTRICTZH,1,,需填写
LIWANDISTRICTGUAN,1,,需填写
DONGCHENGDISTRICT,1,,需填写
BANBIANJIEYUETANGQU,1,,需填写
WUZHOUCENXI,1,,需填写
BAOANDISTRICTSHE,1,,需填写
FUTIANDISTRICTSHEN,1,,需填写
SHENZHENGUANGDONGP,1,,需填写
NANSHANSHENZHENGUA,1,,需填写
HUIZHOUGUANGDONG,1,广东,
CHAOZHOUCITY,1,潮州,需填写
JIANGMENGUANGDONG,1,广东,
FUJIANPUTIAN,1,,需填写
SHENZHENGUAGNDONG,1,,需填写
ZHUZHOUHUNANCHINA,1,湖南,需填写
CHINAGUANGXIQINZHO,1,,需填写
GANZHOUJIANGXICHINA,1,赣州,需填写
HERZE,1,,需填写
NANGANGDISTHARBIN,1,,需填写
BAO,1,,需填写
CHANZHOU,1,,需填写
PINGSHANSHENZHENC,1,,需填写
NANSHAN,1,,需填写
WUZHOUCITYGUANGX,1,,需填写
FANGCHENGGANG,1,防城港,
SHAYANGCOUNTYJINGMENCITYHUBEIPROVINCE,1,湖北,需填写
PINGTAN,1,,需填写
ZIGONGSHI,1,自贡,需填写
CHANGANTOWNDONGGUANCITY,1,,需填写
LONGYANFUJIANPROVINCE,1,,需填写
BENXICITYLIAONINGPROVINCE,1,辽宁,需填写
CHANGSHUSHI,1,常熟,需填写
YILICHUABUCHAERXIAN,1,,需填写
BAOTOUINNERMONGOLIA,1,内蒙古,
YUNNANMENGZI,1,云南,需填写
SHIQIDISTRICTZHONGSHANCITYGUANGDONGPROVINCE,1,广东,需填写
HANYANG,1,,需填写
WUJINCHANGZHOU,1,,需填写
HEFEICITYANHUIPROVINCE,1,安徽,需填写
YININGCITYXINJIANG,1,新疆,
YANTAISHILAIYANGSHI,1,,需填写
GUANGXILAIBIN,1,广西,需填写
SHENYANGLIAONINGPROVINCE,1,沈阳,需填写
WUHOUCHENGDUSICHUAN,1,四川,
PINGYUANROADSOUTHANYANGCITYHENANPROV,1,,需填写
TIANQIAODISTRICTJINANCITYSHANDONGPROVINCE,1,山东,需填写
XINYU,1,新余,
CHENDUSICHUAN,1,四川,
NANKAITIANJIN,1,,需填写
HONGSHANDISTWUHANCITYHUBEIPROVINCE,1,湖北,需填写
LUZHO,1,,需填写
HAIKOUCITY,1,海口,需填写
YINANCOUNTYSHANDONGPROVINCE,1,山东,需填写
SANYAHAINAN,1,,需填写
CAIDAN,1,,需填写
JIANOU,1,,需填写
BINHAIDISTRICTTIANJINCITY,1,,需填写
LANGFANGHEBEI,1,河北,
WUJINDISTRICTCHANGZHOUCITY,1,,需填写
MENGYINLINYISHANDONGCHINA,1,山东,需填写
TONGCHENG,1,,需填写
SHANGRAOCITYJIANGXIPROVINCE,1,江西,需填写
TUNXIDISTRICTHUANGSHANCITYANHUIPROVINCE,1,安徽,需填写
ZHOUKOUCITY,1,周口,需填写
SHUNDEFOSHAN,1,,需填写
YANQINGDISTRICTBEIJINGCITY,1,,需填写
ROSETOWNPINGYINCOUNTYJINANCITYSHANDONGPROVINCE,1,山东,需填写
ZHUMADIANHENANPROVINCE,1,驻马店,需填写
LIUZHOUGUANGXIPROVINCE,1,柳州,需填写
PINGNAN,1,,需填写
NANJTNG,1,,需填写
HUILI,1,,需填写
PANL,1,,需填写
SANMINGFUJIAN,1,,需填写
NANCONG,1,,需填写
KANGDINGSICHUAN,1,四川,
CHUXIONGYUNNAN,1,云南,
KANGDING,1,,需填写
CHUXIONGZHOU,1,,需填写
ABA,1,阿坝,
HULUNSHI,1,,需填写
PINBIANCOUNTYHONGH,1,,需填写
SENYANG,1,,需填写
LESHANCITYSICHUAN,1,四川,
SUZHOUSIXIAN,1,,需填写
DEZHOUSHI,1,德州,需填写
GAOYOU,1,,需填写
NEIMENGGUCHIFENGSHISONGSHANQU,1,内蒙古,需填写
SUZHOUCITYANHUIPROVINCE,1,安徽,需填写
JIUQUANGANSU,1,甘肃,
ZHEJIANGCHINA,1,浙江,需填写
BEIJINGPEOPLESREPUBLICOFCHINA,1,,需填写
FENGTAIQU,1,,需填写
BAODINGCITY,1,保定,需填写
LUBEIDISTRICTTANGSHANCITYHEBEIPROVINCE,1,河北,需填写
SHAXIANDISTRICTSANMINGCITYFUJIANPROVINCE,1,,需填写
SHUANGFENGTOWNLONGCHANGCITYNEIJIANGCITYSICHUANPROVINCE,1,四川,需填写
ANHUIBOZHOU,1,安徽,需填写
XILINGOLLEAGUEINNERMONGOLIA,1,内蒙古,
QIONGHAISHICHANGPOZHEN,1,,需填写
TIANJINCT,1,,需填写
YANCHENGFUNING,1,,需填写
ZHONGJIANG,1,,需填写
XIHAIANXINQUQINGDAO,1,,需填写
LHSA,1,,需填写
TONGSHANCITY,1,,需填写
TAOYUANCOUNTYCHANGDECITYHUNANPROVINCECHINA,1,,需填写
SHAANXIPROVINCEHANZHONGCITY,1,陕西,需填写
XINGTAICITYHEBEIPROVINCE,1,河北,需填写
HENANKAIFENG,1,河南,需填写
XIANGFAN,1,襄阳,
FUZHOUFUJIANPROVINCE,1,,需填写
LASARIKAZE,1,,需填写
PURGCOUNTYSICHUANPROVINCE,1,四川,需填写
WUCHENGDISTRICTOFJINHUACITYZHEJIANGPROVINCE,1,浙江,需填写
DATOBG,1,,需填写
GUANGDONGSHENG,1,广东,需填写
JINHUAZHEJIANG,1,浙江,
CHANCHUN,1,,需填写
HEGANGHEILONGJIANG,1,黑龙江,
LIYANG,1,,需填写
CHANGDUXIZANG,1,西藏,需填写
LUKOUDISTRICTZHUZHOUCITYHUNANPROVICE,1,,需填写
PUJIANGCOUNTYZHEJIANGPROVINCE,1,浙江,需填写
JIADINGSHANGHAI,1,,需填写
BAYANNUR,1,巴彦淖尔,
ZHNEGZHOU,1,,需填写
NANTONGCITYHAIANCOUNTY,1,,需填写
YANZHOU,1,,需填写
DAOWAIDISTHARBIN,1,,需填写
JINCHENGTOWNJINTANCHANGZHOUJIANGSU,1,江苏,
WANGSIYINGCHAOYA,1,,需填写
SHAWANDISTRICTPANYUCANTONGUANGDONGPROVINCE,1,广东,需填写
HEFIANHUI,1,安徽,
LIULIN,1,,需填写
BIEJING,1,,需填写
CHANGZHISHI,1,长治,需填写
WEINANCITYSHAANXIPROVINCE,1,陕西,需填写
DONGQIANLAKETOWNNINGBOCITY,1,,需填写
CHANGFU,1,,需填写
PINGNANGUIGANG,1,,需填写
FULIANGCOUNTYJINGDEZHENJIANGXIPROVINCE,1,江西,需填写
SICHUANDZ,1,四川,需填写
NNANJING,1,,需填写
GANGDONGYANGCHUN,1,,需填写
DIGITALLINK,1,,需填写
LANKAO,1,,需填写
FENGTAIDISTRICTBEIJING,1,,需填写
RENCHENGJININGSHANDONG,1,山东,
GUANGDONGYANGCHUN,1,广东,需填写
WENZHOUZHEJIANG,1,浙江,
LEPING,1,,需填写
ANHUIMAANSHAN,1,安徽,需填写
GUILINGUANGXIZHUANGAUTONOMOUSREGION,1,,需填写
YYDS,1,,需填写
GUANGDONGYANGXI,1,广东,需填写
SHANGHHAI,1,,需填写
JINCHENGSHANXI,1,山西,
HELLOWORLD,1,,需填写
BAOTOUINNERMONGOL,1,,需填写
KORLACITYXINJIANG,1,新疆,
KUYTUN,1,,需填写
YEZHIHUWESTROADHONGSHANDISTRICTWUHANCITYHUBEIPROVINCE,1,湖北,需填写
GANSUSHENGLINXIASHI,1,甘肃,需填写
QITAI,1,,需填写
CHONGQINGNANBINROAD,1,重庆南滨路,需填写
DALIYUNNANPROVINCE,1,云南,需填写
JIULONGPODISTRICTCHONGQINGCHINA,1,,需填写
CHANGSHAHUNANPROVINCE,1,长沙,需填写
YIBINCITY,1,宜宾,需填写
QIANXI,1,,需填写
NINGBOCITYZHEJIANGPROVINCE,1,浙江,需填写
CHANGCHUNLVYUAN,1,,需填写
QIANXINAN,1,,需填写
ZIBOCITYSHANDONGPROVINCE,1,山东,需填写
DIANBAIDISTRICTMAOMINGCITYGUANGDONGPROVINCE,1,广东,需填写
LANZHOUGANSUPROVINCE,1,兰州,需填写
JIAGXI,1,,需填写
NANNINGGUANGXIPROVINCE,1,南宁,需填写
DAQINGHEILONGJIANGPROVINCE,1,大庆,需填写
XX,1,,需填写
LIAOCHENGSHANDONGPROVINCE,1,聊城,需填写
JIAXINGZHEJIANGPROVINCE,1,嘉兴,需填写
GUIZHOUGUIZHOU,1,贵州,
GUIYANGGUIZHOUPROVINCE,1,贵州,需填写
XINZHENG,1,,需填写
GUANGZHY,1,,需填写
QNGDAO,1,,需填写
CONGHUAGUANGZHOUGUANGDONGCHINA,1,广东,需填写
DAXINGDISTRICTBEIJING,1,,需填写
XUCHANGYUZHOU,1,,需填写
YUZHOUSHI,1,,需填写
CHENGDUCITYSICHUANPR,1,,需填写
WUDALIANCHI,1,,需填写
KARAMAYCITYXINJIANG,1,新疆,
ZIGONGCITYSICHUANPROVINCE,1,四川,需填写
XIANGCING,1,,需填写
GUIYANGCITYGUIZHOUPROVINCE,1,贵州,需填写
BINHAINEWAREATIANJIN,1,,需填写
JIANGSUSUQIAN,1,江苏,需填写
SIYANGCOUNTRY,1,,需填写
SANMINGSHISANYUANQU,1,,需填写
SUYANG,1,,需填写
HEBIXUNXIAN,1,,需填写
FUYANGJIESHOU,1,,需填写
LONGKOUCITYYANTAICITYSHANDONGPROVINCE,1,山东,需填写
HEBEIDISTTIANJIN,1,天津河北,需填写
XINYICITYXUZHOUCITY,1,,需填写
XIANGYANGCITYHUBEIPROVINCE,1,湖北,需填写
YUEYANGYUEYANGLOUDISTRICTYUEYANGCITYHUNANPROVINCE,1,湖南,需填写
CONGHUAGUANGDONG,1,广东,
JQ,1,,需填写
JIAXINGSHI,1,嘉兴,需填写
SY,1,沈阳,需填写
CONGHUADISTRICTGUANGZHOUCITYGUANGDONGPROVINCE,1,广东,需填写
LAIXI,1,,需填写
NANNINGCITYGUANGXI,1,广西,
WEIFANGCITYSHANDONGPROVINCE,1,山东,需填写
HUARONG,1,,需填写
RUIANCITYZHEJIANGPROVINCE,1,浙江,需填写
ZUNHATANGSHAN,1,,需填写
URUMWIXINJIANG,1,新疆,
ZAOQIANGCOUNTYHENGSHUICITYHEBEIPROVINCE,1,河北,需填写
BEIIING,1,,需填写
WUWEICITY,1,,需填写
LINANDISTRICTHANGZHOUZHEJIANGPROVINCE,1,浙江,需填写
GUANGZHOUGUANGDONGCHINA,1,广州,需填写
WUHANCITYCHINA,1,,需填写
LINZHI,1,,需填写
URUMQIXINJIANGUYGURAUTONOMOUSREGION,1,,需填写
ZHUZHOUCITYHUNANPROVINCE,1,湖南,需填写
URUMQIXINJIANGCHINA,1,乌鲁木齐,需填写
BEIJINGMIYUN,1,,需填写
GUANGHAN,1,,需填写
WUHANHUBEIPROVINCE,1,武汉,需填写
LIAOZHONGQU,1,,需填写
WANNING,1,,需填写
HAIKOUHAINANPROVINCE,1,,需填写
BAODINGCITYHEBEIPROVINCE,1,河北,需填写
JIYUANHENAN,1,河南,
SHENZHENCHINA,1,深圳,需填写
GUANGZHOUGD,1,,需填写
JIXIAN,1,,需填写
WENYONG,1,,需填写
JINCHENGTOWNJINTANCHANGZHOUJIANGSUPROVINCE,1,江苏,需填写
HLL,1,,需填写
HAININGSHIZHEJIANGPROVINCE,1,浙江,需填写
BAODINGCITYHEBEICHINA,1,河北,需填写
ZIXING,1,,需填写
NUOYANG,1,,需填写
HAIDIANDITRICTBEIJING,1,,需填写
PUYANGHENAN,1,河南,
HUAIRO,1,,需填写
KUANDIAN,1,,需填写
CHANGPINGDISTRICTBEIJINGCHINA,1,,需填写
ZHENGZHON,1,,需填写
DADUKOUDISTRICTCHONGQING,1,重庆大渡口,需填写
JIAOZHOU,1,,需填写
BEUJING,1,,需填写
XIONGANXINQU,1,,需填写
JIANGSHU,1,,需填写
XIZANGLASA,1,西藏,需填写
NANGANGDISTRICTHARBINCITYHEILONGJIANGPROVINCEPRCHINA,1,,需填写
NANGANGDISTRICTHARBINCITYHEILONGJIANGPROVINCE,1,黑龙江,需填写
YANGZHOUCITYJIANGSUPROVINCE,1,江苏,需填写
HRBIN,1,,需填写
NONECHONGQING,1,,需填写
YANGJIANGGUANGDONG,1,广东,
BINZHOUCITYSHANDONGPROVINCE,1,山东,需填写
HENANSHENGXINXIANGSHI,1,河南,需填写
HANZHONGSHANXI,1,山西,
ZHANGYEGANSU,1,甘肃,
ACHENGDISTRICTHARBINCITYHEILONGJIANGPROVINCE,1,黑龙江,需填写
BEIJIAN,1,,需填写
HAERIBIN,1,,需填写
ANJI,1,,需填写
HONGXINGTOWNFENGLINCONUNTYYICHUNCITYHEILONGJIANGPROVINCE,1,黑龙江,需填写
NANCHANGCITYJIANGXI,1,江西,
XIZANGLHASA,1,西藏,需填写
PUYANG,1,濮阳,
DUYUN,1,,需填写
CANTONCITYGUANGDONGPROVINCE,1,广东,需填写
HOHHOTINNERMONGOLIA,1,内蒙古,
GSBAIYIN,1,,需填写
GUANGDOU,1,,需填写
SHUANGLONGROADLUCHENGDISTRICTWENZHOUCITYZHEJIANGPROVIN,1,,需填写
RIKAZE,1,,需填写
TIANJINCITYCHINAPRC,1,,需填写
HIGHTECHZONEBAOJICITYSHAANXIPROVINCE,1,陕西,需填写
MEIXITOWNYIMEIDISTRICTYICHUNHEILONGJIANG,1,黑龙江,
XUANWUDISTRICTNANJINGCITYJIANGSUPROVINCE,1,江苏,需填写
JIYUAN,1,,需填写
HEZESHANDONGPROVINCE,1,菏泽,需填写
CHIZHOUCITYANHUIPROVINCE,1,安徽,需填写
HENEN,1,,需填写
ALTAYXINJIANG,1,新疆,
NANNNING,1,,需填写
ZHAOZHUANG,1,,需填写
CHUNGKING,1,,需填写
SHANGUAN,1,,需填写
YINZHOUNINGBOZHEJIANG,1,浙江,
PUKOUDISTRICTNANJING,1,,需填写
ANYANGCITYHENANPROVINCE,1,河南,需填写
TAIYAUN,1,,需填写
ACHENGHARBINHEILONGJIANG,1,黑龙江,
SHAGNHAI,1,,需填写
DUANZHOUDISTRICTZHAOQING,1,,需填写
JINHAISHEQU,1,,需填写
HUAIANJIANGSUPROVINCE,1,淮安,需填写
CHONGQINGFULING,1,重庆涪陵,需填写
SG,1,,需填写
YE,1,,需填写
ZHAOQINGCITYGUANGDONGPROVINCE,1,广东,需填写
NANSHADISTRICTGUANGZHOUCITYGUANGDONGPROVINCE,1,广东,需填写
GANSUPROVINCE,1,甘肃,需填写
CHANGZHOUJIANGSUPROVINCECHINA,1,,需填写
HUBEIPROVINCEWUHANCITY,1,湖北,需填写
HUANGPUGUANGZHOU,1,,需填写
ZHUJI,1,,需填写
LAIBIN,1,来宾,
BAYANNURCITYINNERMONGOLIAAUTONOMOUSREGION,1,,需填写
JIAWANGDISTRICTXUZHOUCITYJIANGSUPROVINCE,1,江苏,需填写
ANQINGCITY,1,安庆,需填写
GUANGZHOUCITYGUANGDONGPROVCHINA,1,,需填写
JINZHONGCITYSHANXIPROVINCE,1,山西,需填写
GUIYYANG,1,,需填写
CHINATIANJINBAODI,1,,需填写
DONGYINGCITY,1,东营,需填写
LAIBINCITY,1,来宾,需填写
YONGKANHSHI,1,,需填写
JINANCITYSHANDONGPROVINCECHINA,1,,需填写
LIPINGCOUNTYGUIZHOUPROVINCECHINA,1,,需填写
ZHENGZHOUHENANPROVINCE,1,郑州,需填写
CHONGQINGSHAPINGBA,1,重庆沙坪坝,需填写
SHANDONGQINGDAOJIMO,1,山东,需填写
YANGCHUN,1,,需填写
DONGLITIANJIN,1,,需填写
BAISECITYGUANGXIZHUANGAUTONOMOUSREGION,1,,需填写
WENSHUI,1,,需填写
SIYANG,1,,需填写
GUAHGZHOU,1,,需填写
DANZHOU,1,,需填写
KUNMIEG,1,,需填写
SHAOGUANCITY,1,,需填写
HEGANGSHI,1,鹤岗,需填写
XIANYANGSHI,1,咸阳,需填写
ANSJAN,1,,需填写
KUNSHANSUZHOUCITYJIANGSUPROVINCE,1,江苏,需填写
BAZHOU,1,,需填写
WUZHOUCITYGUANGXI,1,广西,
SUQIANJIANGSU,1,江苏,
MENTOUGOU,1,,需填写
CHAOZHOUGUANGDONG,1,广东,
DALIANLIAONINGPROVINCE,1,大连,需填写
LISHUIQINGTING,1,,需填写
JINZHOULIAONINGPROVINCE,1,锦州,需填写
HARBINHEILONGJIANGPROVINCE,1,哈尔滨,需填写
GUILINCITYGUANGXIPROVINCE,1,广西,需填写
PINGSHUISTREETGONGSHUDISTRICTHANGZHOUCITYZHEJIANGPROVI,1,,需填写
DZQUXIANGTOWN,1,,需填写
XIAMENCITYFUJIANPROVINCECHINA,1,,需填写
LANLING,1,,需填写
INNERMONGOLIAMANZHOULI,1,,需填写
ZOUKO,1,,需填写
JINDEZHENJIANGXICHINA,1,江西,需填写
ANNINGYUNNAN,1,云南,
GANSUSHENGLANZHOUSHI,1,甘肃,需填写
GULOUDISTNANJINGCITYJIANGSUPROVINCE,1,江苏,需填写
DONGY,1,,需填写
HUINANPOSTOFFICESHANGHAI,1,,需填写
QINGYUANMANCHUAUTONOMYCOUNTYFUSHUNCITYLIAONINGPROVINCE,1,辽宁,需填写
LICHEN,1,,需填写
WUJINDISTRICTCHANGZHOUCITYJIANGSUPROVINCECHINA,1,,需填写
WUQING,1,,需填写
SUNING,1,,需填写
BAOTOUCITYNEIMENGGU,1,内蒙古,
CHANGSHASHI,1,长沙,需填写
SHIJIAZHUNAG,1,,需填写
SUZHOUINDUSTRIALPARK,1,,需填写
TZIZHOU,1,,需填写
ZIBOSHANDONGPROVINCE,1,淄博,需填写
ULUMQI,1,,需填写
JINANSHANDONGPROVINCE,1,济南,需填写
ZAOZHUANGSHANDONG,1,山东,
YICHANGHUBEIPROVINCE,1,宜昌,需填写
JANGSU,1,,需填写
EMAIL,1,,需填写
JINCHENGCITYSHANXIPROVINCECHINA,1,,需填写
DUNHUANGCITYJIUQUANCITYGANSUPROVINCE,1,甘肃,需填写
QIDONGNANTONG,1,,需填写
KAIFENGHENANCHN,1,,需填写
XINXIANGHENAN,1,河南,
LINZHOUCITY,1,,需填写
MUDANJIANGHEILONGJIANG,1,黑龙江,
NGZAU,1,,需填写
BAOTOUSHI,1,包头,需填写
ZICHUANZIBOSHANDONG,1,山东,
HEBEITANGSHAN,1,河北,需填写
XIONGAN,1,,需填写
DISTRICTCHENGDUCITY,1,,需填写
CHANGQINGROADQINGCHENGTOWNQINGCHENGCOUNTYQINGYANGCITY,1,,需填写
QINZAOSTREETCHONGCHUANDISTRICTNANTONGCITYJIANGSUPROVINCE,1,,需填写
QINHUANGDO,1,,需填写
BAODINGHEBEI,1,河北,
BANANDISTRICTCHONGQING,1,重庆巴南,需填写
YANCHEAG,1,,需填写
HULUNBIUR,1,,需填写
BEIJINF,1,,需填写
WENLING,1,,需填写
BAODIDISTRICTTIANJIN,1,,需填写
WXI,1,,需填写
XINTAITAIANSHANDONG,1,山东,
QIQIHARHEILONGJIANGPROVINCE,1,齐齐哈尔,需填写
JILINSHENGYANBIANZHOU,1,,需填写
JINZHOUCITYLIAONINGPROVINCE,1,辽宁,需填写
GAIZHOU,1,,需填写
RENSHOUSICHUAN,1,四川,
SHAOXINCITYZHEJIANGPROVINCEOFPEOPLESREPUBICOFCHINA,1,,需填写
KENSHAN,1,,需填写
CHANG,1,,需填写
LIAONIN,1,,需填写
XINJIANGURUMQI,1,新疆,需填写
LICHENGDISTRICTJINANSHANDONG,1,山东,
XIPING,1,,需填写
ZHEJIANGTAIZHOULUQIAO,1,浙江,需填写
WENZHOUCITY,1,温州,需填写
CHUZHOANHUIPROVINCE,1,安徽,需填写
TAIZUO,1,,需填写
WATERPARKROADDAGUANDISTRICTANQINGCITYANHUIPROVINCE,1,安徽,需填写
ENSHICITYHUBEIPROVINCECHINA,1,,需填写
JIZHOUDISTRICTTIANJINCHINA,1,,需填写
LAIZHOU,1,,需填写
TIAIZHOU,1,,需填写
ZHEJIANTAIZHOU,1,,需填写
BAYINGOLINPREFECTURE,1,,需填写
KUERLS,1,,需填写
JIADINGDISTRICTSHANGHAI,1,,需填写
QINGYUAN,1,清远,
NANSHANCOMMERCIALCULTURALCENTERAREASHENZHEN,1,,需填写
MUDANDISTRICTHEZECITYSHANDONGPROVINCE,1,山东,需填写
PEKINGPRC,1,,需填写
CHAOYANGDISTRICTBEIJINGPRCHINA,1,,需填写
JINGKOUROADJINGKOUDISTRICTZHENJIANGCITYJIANGSUPROVINCE,1,江苏,需填写
HEBEICANGZHOU,1,河北,需填写
HANDANQUZHOU,1,,需填写
PUDONGNEWDISTRICTSHANGHAI,1,,需填写
ROCKHOMETOWN,1,,需填写
YULI,1,,需填写
SUZOU,1,,需填写
ZHONGSHANDALIANLIAONINGCHINA,1,辽宁,需填写
SUZHOUINDUSTRIALPARKSUZHOUCITY,1,,需填写
SHIJIAZHUANY,1,,需填写
ZHENZHOU,1,,需填写
TAIZHOUHAILING,1,,需填写
NANZHANGXIANGYANGHUBEI,1,湖北,
HAINANZHOU,1,,需填写
CHIFENGCITY,1,赤峰,需填写
HARBINCITY,1,哈尔滨,需填写
TAIZHUO,1,,需填写
PANSHUICITY,1,,需填写
LUOYANGCITYHENAN,1,河南,
YANGLINGSHAANXI,1,陕西,
RIZHAOCITY,1,日照,需填写
JIANSHENGTOWN,1,,需填写
KORLAXINJIANG,1,新疆,
ZHUCHENGSHI,1,,需填写
HIYOHARAMANCHUAUTONOMOUSCOUNTYFUSHUNCITYLIAONINGPROV,1,,需填写
YICHUNJIANGXI,1,江西,
YB,1,,需填写
HONGHUAGANGDISTRICTZUNYICITYGUIZHOUPROVINCE,1,贵州,需填写
PORTABLETHREE,1,,需填写
GUIZHOUQIANDONGNAN,1,贵州,需填写
ZHUHAIGUANGDONGCHINA,1,珠海,需填写
TL,1,,需填写
CITYTIANJIN,1,,需填写
XUCHANGYANLING,1,,需填写
BEIBJING,1,,需填写
YANJIAOSANHECITYHEBEIPROVINCE,1,河北,需填写
ZHAODONG,1,,需填写
SONGBEIDISTRICTHARBINCITYHEILONGJIANGPROVINCE,1,黑龙江,需填写
XIAOSHANHANGZHOU,1,,需填写
ZHUHAIROADSUBDISTRICTSHINANDISTRICTQINGDAOCITYSHANDONG,1,山东,
ZHOUSHANCITY,1,舟山,需填写
ZAOYANGCITY,1,,需填写
BANANDISTRICTCHONGQINGCITY,1,重庆巴南,需填写
HUANGHUA,1,,需填写
ZHAOQINGGUANGDONG,1,广东,
CHENGBEIDISTRICTXININGQINGHAIPROVINCE,1,青海,需填写
OVERCAST,1,,需填写
MEIHEKOU,1,,需填写
DECHENGDISTRICTDEZHOUCITYSHANDONGPROVINCE,1,山东,需填写
DIANLIAN,1,,需填写
SHENYANHG,1,,需填写
HANDANCITYHEBEIPROVINCE,1,河北,需填写
SHANDONGLINYI,1,山东,需填写
XIGUDISTRICTLANZHOUCITYGANSUPROVINCE,1,甘肃,需填写
QINGGANGHEILONGJIANG,1,黑龙江,
BEIHAICITY,1,北海,需填写
CHONGQ,1,重庆,需填写
YIWUZHEJIANG,1,浙江,
YIZHOU,1,,需填写
GAOTANGNEWCITYSHANDONGCHINA,1,山东,需填写
FOSHANGUANGDONGPROVINCE,1,佛山,需填写
YUNCHEN,1,,需填写
TIANNINGDISTRICTCHANGZHOUJIANGSU,1,江苏,
ZHONGLOUDISTRICTCHANGZHOUCITY,1,,需填写
GEERMU,1,,需填写
NANKING,1,,需填写
JIUJIANGCITYJIANGXIPROVINCE,1,江西,需填写
NEWNORTHDISTRICTCHANGZHOUCITYJIANGSUPROVINCECITYJADEL,1,,需填写
GUIYAO,1,,需填写
WUHUANHUI,1,安徽,
XIANGZHOUDISTINCTZHUHAI,1,,需填写
TAOCHENGDISTRICTHENGSHUICITYHEBEIPROVINCE,1,河北,需填写
HUAIYUANCOUNTYBENGBUCITYANHUIPROVINCE,1,安徽,需填写
PINGDU,1,,需填写
JIEXIU,1,,需填写
DIAOBINGSHANLIAONING,1,辽宁,
BEIJINGHEBEITIANJINSHANDONG,1,,
HAIMENDISTRICTNANTONGCITYJIANGSUPROV,1,,需填写
GY,1,,需填写
EERDUOSI,1,,需填写
CHINAINHUBEIWUHAN,1,,需填写
GUANGDONGJIANGMEN,1,广东,需填写
HOHHOTBEIJIN,1,,需填写
LONGHUADISTRICTSHENZHENGUANGDONGPROVINCE,1,广东,需填写
JX,1,,需填写
PINGYICOUNTYLINYICITY,1,,需填写
YANGZOU,1,,需填写
HENGYANGHUNAN,1,湖南,
SHIJINGSHAN,1,,需填写
LINYICITYOFSHANDONGPROVINCE,1,山东,需填写
YIN,1,,需填写
GUANGDONGHEYUAN,1,广东,需填写
SHANDONGQUFU,1,山东,需填写
ZHONGGUOSHANDON,1,,需填写
JIANGSUNANJIN,1,江苏,需填写
LANZOU,1,,需填写
DANTUDISTRICTZHENJIANGCITYJIANGSUPROVINCE,1,江苏,需填写
LANGYADISTCHUZHOUANHUICHINA,1,安徽,需填写
SUININGCITY,1,遂宁,需填写
LINGBICOUNTYSUZHOUCITYANHUIPR,1,,需填写
ZHUHAICITYGUANGDONGPROVINCE,1,广东,需填写
SHZENZHEN,1,,需填写
HEIBEITANGSHAN,1,,需填写
XIANGXIANGXIANGTANCITY,1,,需填写
XIANGXICITYHUNANPROVINCE,1,湖南,需填写
GUANGDONGPROVINCEJIANGMENCITYPENGJIANGDISTRICT,1,广东,需填写
DELINGHASHI,1,,需填写
QINHUANGDAOHEBEIPROVICE,1,,需填写
SHANDONGZIBOLINZI,1,山东,需填写
ENPINGCITYJIANGMENCITYGUANGDONGPROVINCE,1,广东,需填写
KALGAN,1,,需填写
CHANGFENGHEFEI,1,,需填写
BINHAINEWAREA,1,,需填写
BINHAIXINQU,1,,需填写
KAIYUANCITY,1,,需填写
NO352WUJIANGROADJIUJIANGTOWNSHUANGLIUDISTRICTCHENGDU,1,,需填写
12THFLOORNO2020DONGMENSOUTHROADNANHUSTREETLUOHUDI,1,,需填写
GAOZHOU,1,,需填写
LINQINGCITYLIAOCHENGCITYSHANDONGPROVINCE,1,山东,需填写
QUCOUNTYDAZHOUSICHUAN,1,四川,
YUBEICHONGQING,1,重庆渝北,需填写
LISHUIDISTRICTZHENZHUNORTHROADNO10,1,,需填写
LISHUIDISTRICT,1,,需填写
LINYISHANDONGPROVINCE,1,临沂,需填写
SHIBEIQINGDAO,1,,需填写
BINCHENGBINZHOU,1,,需填写
PUER,1,,需填写
FANGCHENGGANGPORT,1,,需填写
ZHEJIANGYUYAO,1,浙江,需填写
NANAYNG,1,,需填写
HANDANCITY,1,邯郸,需填写
JILINCHANGCHUN,1,,需填写
LIAONINGPROVINCE,1,辽宁,需填写
XIAMENFUJIAN,1,,需填写
HUHHOTINNERMONGOLIA,1,内蒙古,
NO119GUSHUIROADLONGYOUQUZHOUCITYZHEJIANGPROVINCECHINA,1,,需填写
JIANGXIGANZHOU,1,江西,需填写
CONG,1,,需填写
HAINANHAIKOU,1,,需填写
BAOTOUNEIMENGGU,1,内蒙古,
ENPINGCITY,1,,需填写
HAIGANGDEVELOPMENTZONELETINGCOUNTYTANGSHANCITYHEBEIPR,1,,需填写
LUYANGDISTRICTHEFEI,1,,需填写
TIANNINGDISTRICTCHANGZHOUCITYJIANGSUPROVINCE,1,江苏,需填写
NYINGCITY,1,,需填写
KANGBASHI,1,,需填写
FUJIANPROVINCEFUZHOUCITYJINANDISTRICT,1,,需填写
ORDOSCITYINNERMONGOLIA,1,内蒙古,
YUXIYUNNAN,1,云南,
YULING,1,,需填写
QIANAN,1,,需填写
SHANXISHUOZHOU,1,山西,需填写
NANANDISTRICTCITYCHONGQING,1,重庆南岸,需填写
LINYIN,1,,需填写
DONGCHENGBEIJING,1,,需填写
WEFANGWEICHENG,1,,需填写
LN,1,,需填写
SHICHUANGANZI,1,,需填写
LECHANGCOUNTYSHAOGUANCITYGUANGDONGPROVINCE,1,广东,需填写
DEVELOPMENTZONEKUNSHANCITY,1,,需填写
JIANGSUSHENGSHUYANGXIAN,1,江苏,需填写
HEBEIQINHUANGDAO,1,河北,需填写
GUANGHANG,1,,需填写
KAIPINGCITYGUANGDONGPROVINCE,1,广东,需填写
JINNANDISTRICTTIANJINCITY,1,,需填写
HUAIANCITYJIANGSU,1,江苏,
YANGPUDISTRICT,1,,需填写
FULING,1,,需填写
CHINACHENGDUCITY,1,,需填写
GUIDINGCOUNTY,1,,需填写
JINCHENGCITY,1,晋城,需填写
HUICUIHUHONGWEIDISTRICTLIAOYANGCITY,1,,需填写
PANG,1,,需填写
KAILI,1,,需填写
DAI,1,,需填写
XIANXIANG,1,,需填写
DONGUAN,1,,需填写
ZUNYICITYGUIZHOUPROVINCECHINA,1,,需填写
PAN,1,,需填写
DUNHUANGJIUQUAN,1,,需填写
GUO,1,,需填写
HENGSHUICITYHEBEIPROVINCE,1,河北,需填写
TAIYUANSHANXIPROVINCE,1,太原,需填写
ZHEJIANGHANGZHOU,1,浙江,需填写
TAISHANDISTRICTTAIANCITYSHANDONGPROVINCE,1,山东,需填写
SHAOGUANOFCHINA,1,,需填写
ORDOSINNERMONGLIA,1,,需填写
YI,1,,需填写
BAOSHANCITY,1,,需填写
WU,1,,需填写
DEHONG,1,,需填写
PEKAIRPORT,1,,需填写
LIU,1,,需填写
SHIJIZHUANG,1,,需填写
WUXIJIANGSUPROVINCE,1,无锡,需填写
JILNSHI,1,,需填写
LANGFANGCITYHEBEIPROVINCE,1,河北,需填写
XU,1,,需填写
FAN,1,,需填写
GUOSHENGZHANG,1,,需填写
NONEXIAN,1,,需填写
SHANGHAIPUDONG,1,,需填写
YICUN,1,,需填写
JIANGSUXUZHOUJIAWANG,1,江苏,需填写
XINGTAICITY,1,邢台,需填写
WEI,1,,需填写
JIANGSUHUAIAN,1,江苏,需填写
JURONG,1,,需填写
HUIZHOUCITYGUANGDONGPROVINCE,1,广东,需填写
HLBEIER,1,,需填写
FEICHENG,1,,需填写
QINGSHEN,1,,需填写
SONGLIN,1,,需填写
QINGHAIXINING,1,青海,需填写
YULINCITYGUANGXIZHUANGAUTONOMOUSREGION,1,,需填写
CHENGDUINSICHUANPROVINCEOFCHINA,1,,需填写
GXBL,1,,需填写
CHENCANGDISTRICTBAOJIC,1,,需填写
WUXUE,1,,需填写
FUJIANFUZHOU,1,,需填写
NANNIN,1,,需填写
NEWXINBAERHUZUOQIHULUNBEIERCITYNEIMENGGUAUTONOMOUSREGION,1,,需填写
NYINGCHI,1,,需填写
DATONGCITY,1,大同,需填写
HUAIANDISTRICTHUAIANCITYJIANGSUPROVINCE,1,江苏,需填写
NANJINGJIANGSUCHINA,1,南京,需填写
GUANGYUANSICHUANPROVINCE,1,广元,需填写
NANJINGJIANGSUPROVENCE,1,,需填写
FOSHANSHI,1,佛山,需填写
HUANGSHICITYHUBEIPROVINCE,1,湖北,需填写
CHNA,1,,需填写
BAIYINCITY,1,,需填写
XINGTAILINCHENG,1,,需填写
CHENG,1,,需填写
LUOJINGTOWNBAOSHANDISTRICT,1,,需填写
FUTIANDISTRICTSHENZHENGUANGDONG,1,广东,
SICHUANYIBIN,1,四川,需填写
PANYUGUANGZHCHINA,1,,需填写
HU,1,,需填写
KUNMINGCITY,1,昆明,需填写
LONGSHANTOWNYUBEIDISTRICTCHONGQINGCITY,1,重庆渝北,需填写
WEIFANGSHANDONG,1,山东,
BEIJINGHAIDIIANQU,1,,需填写
LIJIANG,1,,需填写
GANZHOUNANKANG,1,,需填写
ZHONGNANHAI,1,,需填写
JINGKOUDISTRICTZHENJIANGCITYJIANGSUPROVINCE,1,江苏,需填写
SICHUANPROVINCECHINA,1,四川,需填写
GANZHOUCITY,1,赣州,需填写
JIANGXISHENGGANZHOUSHIZHANGGONGQU,1,江西,需填写
JIANGSUNANJINGJIANGBEINEWAREA,1,江苏,需填写
BEIHANGUNIVERSITY,1,,需填写
DAIYUEDISTRICTTAIANCITYSHANDONGPROVINCECHINA,1,,需填写
GUICHENGNANHAIFOSHANGDPRCHINA,1,,需填写
GUILINGUANGXI,1,广西,
XINJIANGURUMCHI,1,新疆,需填写
WULUMUQISHI,1,,需填写
CHENGU,1,,需填写
HUHEHAOTESHI,1,,需填写
SHANDONGDONGYING,1,山东,需填写
LUGOUBRIDGEFENGTA,1,,需填写
LNNERMONGOLIA,1,,需填写
JINSHI,1,,需填写
JINDONGDISTRICTJINHUACITYZHEJIANGPROVINCECHINA,1,,需填写
ZB,1,,需填写
PENGZHOUCHENGDUSICHUAN,1,四川,
MINQUAN,1,,需填写
CHINAJIANGSUWUXI,1,,需填写
SHANXIPROVINCESHUOZHOUCITYSHUOCHENGDISTRICT,1,山西,需填写
WEHAI,1,,需填写
RIZHAOCITYSHANGDONGPROVINCE,1,,需填写
YUNLONGDISTRICTXUZHOUCITYJIANGSUPROVINCE,1,江苏,需填写
SHUANGYASHANCITYHEILONGJIANGPROVINCE,1,黑龙江,需填写
ZHUHAICITY,1,珠海,需填写
PANZHIHUA,1,攀枝花,
YICHANGCITYHUBEIPROVINCE,1,湖北,需填写
DAIYUETAIAN,1,,需填写
B,1,,需填写
SHANGZHUANG,1,,需填写
CHANGJIMANAS,1,,需填写
SHIJIAZHUANGHEBEL,1,,需填写
XM,1,,需填写
WUWEILIANGZHOUQU,1,,需填写
SHENGZHEN,1,,需填写
BEICHENDISTRICTTIANJIN,1,,需填写
NEIMENG,1,,需填写
XUZHOUSHI,1,徐州,需填写
PANYUGUOZHOU,1,,需填写
SHENZHENNANSHANGSONGPINGCUN,1,,需填写
HUHEHAOTECITYNEIMENGGUPROVINCE,1,内蒙古,需填写
NANJIANG,1,,需填写
JINGJIANG,1,,需填写
ENPING,1,,需填写
CHONGZUO,1,崇左,
DEHONGRUILI,1,,需填写
JN,1,,需填写
HEFEIFEIXI,1,,需填写
BEJIING,1,,需填写
EIJING,1,,需填写
KAIFUDISTRICTCHANGSHACITYHUNANPROVENCEPRCHINA,1,,需填写
CHINAHEBEIBAODINGZHUOZHOU,1,,需填写
URMQI,1,,需填写
HEBEISHENGHENGSHUISHI,1,河北,需填写
MANASI,1,,需填写
URC,1,,需填写
XIAMENG,1,,需填写
LPS,1,,需填写
GUOYANG,1,,需填写
BAODINGSHI,1,保定,需填写
YUNNANQUJING,1,云南,需填写
MIDDLEJINDOULUXINTAICITY,1,,需填写
PINGGU,1,,需填写
ERDOSDALATEQI,1,,需填写
AKSUCITY,1,,需填写
LIXIADISTRICTJINANCITYSHANDONGPROVINCEPRCHINA,1,,需填写
XINGNINGCITYGUANGDONGPROVINCE,1,广东,需填写
DONGNINGCITY,1,,需填写
QUJIANSUBURBSHAOGUANCITYGUANGDONGPROVINCE,1,广东,需填写
HEDONG,1,,需填写
SHAANXIXIAN,1,西安,需填写
XIANNINGHUBEI,1,湖北,
LIAOCHENGSHI,1,聊城,需填写
TAIZHOUCITYJIANGSUPROVINCE,1,江苏,需填写
YINGCHENGCITY,1,,需填写
BEIHAINANNINGSHENZHEN,1,,需填写
BAODIN,1,,需填写
SUININGXUZHOUJIANGSU,1,江苏,
HYTERA,1,,需填写
KEERQINDISTRICTTONGLIAOINNERMONGOLIA,1,内蒙古,
TANGSHANG,1,,需填写
XY,1,,需填写
KUNMINGYUNNANPROVINCE,1,昆明,需填写
HLJ,1,,需填写
COCODALA,1,,需填写
CJ,1,,需填写
CHENGRUIYANG,1,,需填写
YUEYANGSHIXIANGYINXIAN,1,,需填写
LONGYANCITYXINLUO,1,,需填写
SYS,1,,需填写
XUZHO,1,,需填写
JIANGXIFUZHOU,1,福州,需填写
CITYDINGSIROADBEIQIJIATOWNCHANGPINGDISTRICTBEIJINGCHINA,1,,需填写
MAOMINGCITY,1,,需填写
ZHABGJIAKOU,1,,需填写
JIANGSUPROVINCE,1,江苏,需填写
YUFU,1,,需填写
GANZHUO,1,,需填写
TANGSHANQIANAN,1,,需填写
TSUENWAN,1,,需填写
ZHANGJIANG,1,,需填写
NANHAI,1,,需填写
GUANGDONGFOSHAN,1,广东,需填写
FUXINSHI,1,阜新,需填写
HARBINHEILONGJIANGCHINA,1,哈尔滨,需填写
TIANJINCHINA,1,,需填写
JIANGSUZHENJIANG,1,江苏,需填写
BTS,1,,需填写
MEIXIANCOUNTYBAOJICITY,1,,需填写
LIANYUNGANGCITY,1,连云港,需填写
QINHUANGDAOHEBEI,1,河北,
XUETIANSUBDISTRICTCHONGCHUANDISTRICT,1,,需填写
JINNAN,1,,需填写
LELING,1,,需填写
ANHUIHEFEICITY,1,安徽,需填写
XICHENGDISTRICTBEIJING,1,,需填写
NN,1,,需填写
QD,1,,需填写
PINGLINGCITYKONGTONGDISTRICT,1,,需填写
ZHANGDIANDISTRICTZIBOCITY,1,,需填写
ZHANGPINGCITYFUJIANPROVINCE,1,,需填写
SHUZHOU,1,,需填写
RIZHAOCITYSHANDONGPROVINCE,1,山东,需填写
YICHUNSHI,1,宜春,需填写
LAIWUDISTRICTJINANCITY,1,,需填写
XAM,1,,需填写
BEIJINGCHAOYANG,1,,需填写
GUAN,1,,需填写
SHENZHOU,1,,需填写
HUIZHOUCITY,1,惠州,需填写
CHAOYANGBEIJING,1,,需填写
E,1,,需填写
DQS,1,,需填写
XIAMENFUJIANCHINA,1,,需填写
HAINANA,1,,需填写
DANGTONG,1,,需填写
PENGJIANGDISTRICTJIANGMENCITYGUANGDONGPROVINCE,1,广东,需填写
ZHEJIANSHAOXING,1,,需填写
BAZHONG,1,巴中,
LIUPANSHUICITY,1,,需填写
HUANGHUASHI,1,,需填写
HENANSHENGZHOUKOUSHILUYIXIAN,1,河南,需填写
SANMENXIA,1,三门峡,
HARBINSHUANGCHENG,1,,需填写
JIANGXIPROVINCE,1,江西,需填写
ZHANGZHOU,1,漳州,
GUANGANCITY,1,广安,需填写
XSBN,1,,需填写
SHZ,1,,需填写
LZ,1,,需填写
TAIWAN,1,,需填写
CHINYI,1,,需填写
TAIWANMIAOLI,1,,需填写
TAIWANTAICHUNG,1,,需填写
PINGDON,1,,需填写
LUZHOUSHI,1,泸州,需填写
YUNLING,1,,需填写
TALNAN,1,,需填写
NANTUAO,1,,需填写
CHANGHUA,1,彰化,
MAIOLI,1,,需填写
MIAOLICOUNTY,1,,需填写
CHUNGHWA,1,,需填写
TAININ,1,,需填写
PINTUNG,1,,需填写
TAIPEICITY,1,,需填写
NEWTAIPA,1,,需填写
YANGMEIDISTRICTTA,1,,需填写
TY,1,,需填写
YUNLINXIAN,1,,需填写
NEWTAIWANCITY,1,,需填写
TAIPER,1,,需填写
HSINCHUCITY,1,,需填写
TAINANCITY,1,,需填写
